-1.468103747973901196e+00,1.351605063968427611e+00,0.000000000000000000e+00
-7.005308344179538516e+00,6.739268533563616437e+00,1.000000000000000000e+00
9.552311262845478268e+00,6.393915987533604905e+00,2.000000000000000000e+00
8.672284628171102128e+00,4.999690884361638332e+00,2.000000000000000000e+00
-7.462804273353891737e+00,7.747456762436550015e+00,1.000000000000000000e+00
1.948757882988386481e+00,7.315607552267101354e+00,3.000000000000000000e+00
-7.274334100604333386e+00,8.285024724605664304e+00,1.000000000000000000e+00
-2.740704042571686649e-01,3.151497825089458527e+00,0.000000000000000000e+00
-8.614568393124185874e+00,6.939741330965431665e+00,1.000000000000000000e+00
-5.999411642608615480e+00,8.814772898871853002e+00,1.000000000000000000e+00
8.528791675578959897e+00,6.490591890843430356e+00,2.000000000000000000e+00
7.206850666122668336e+00,5.474734960647078985e+00,2.000000000000000000e+00
9.318283679366855310e+00,6.964872989823771121e+00,2.000000000000000000e+00
9.427606930997757928e+00,4.326708208516873988e+00,2.000000000000000000e+00
-1.932208413818004011e+00,2.081930997658986371e+00,0.000000000000000000e+00
8.259955502365274427e+00,6.691243150952310259e+00,2.000000000000000000e+00
-2.884151768501420854e+00,1.659690548371491214e+00,0.000000000000000000e+00
2.035751766263299789e+00,9.432546650225518192e+00,3.000000000000000000e+00
-7.000536727742395549e+00,8.641988792817040022e+00,1.000000000000000000e+00
2.199056782202372329e+00,6.710505619070363359e+00,3.000000000000000000e+00
3.510502490378863527e+00,7.483381143358895038e+00,3.000000000000000000e+00
3.276989251485061150e+00,6.893642654799647218e+00,3.000000000000000000e+00
4.597194554508898356e+00,7.702315338196775940e+00,3.000000000000000000e+00
2.707099529329499710e+00,7.882690057366145808e+00,3.000000000000000000e+00
9.202227534566599587e+00,6.263539574730052628e+00,2.000000000000000000e+00
-3.011361620916581661e-01,-6.126902613283256027e-01,0.000000000000000000e+00
4.017101417855194256e+00,7.300488913524235457e+00,3.000000000000000000e+00
9.291496021170191355e+00,6.044035989378377494e+00,2.000000000000000000e+00
-3.042491483347878889e-01,1.465813668225903088e+00,0.000000000000000000e+00
2.362422318095622753e-01,1.091571608477716948e+00,0.000000000000000000e+00
8.556789663606171104e+00,5.903125207234362293e+00,2.000000000000000000e+00
-1.119956226831744894e+00,-6.284104171477669087e-01,0.000000000000000000e+00
-1.475838067547571519e+00,1.066686243374318721e+00,0.000000000000000000e+00
3.668754474800454357e+00,6.872738719600544499e+00,3.000000000000000000e+00
2.383972371445774563e+00,7.772023218814513967e+00,3.000000000000000000e+00
-1.055795462018068731e+00,8.523124668432462414e-01,0.000000000000000000e+00
2.801461982433681719e+00,6.614112845644148031e+00,3.000000000000000000e+00
3.195898597167503574e+00,7.486614667234706033e+00,3.000000000000000000e+00
2.230209909079476027e+00,5.925514863950663624e+00,3.000000000000000000e+00
3.607912444279909536e+00,7.060625141449270004e+00,3.000000000000000000e+00
1.412935531805650236e-01,1.725974798849407410e+00,0.000000000000000000e+00
-8.047148253987440825e+00,8.138501696341966962e+00,1.000000000000000000e+00
8.428946425798688580e+00,4.588218511397519350e+00,2.000000000000000000e+00
-7.616804250202127591e+00,7.933793051530112272e+00,1.000000000000000000e+00
-7.195582594637103035e+00,8.033020223123976677e+00,1.000000000000000000e+00
-7.228552031746880324e+00,8.971213990652389114e+00,1.000000000000000000e+00
8.507928441954819121e+00,6.569518393475791918e+00,2.000000000000000000e+00
7.903500447773419424e+00,6.411073805579753149e+00,2.000000000000000000e+00
8.723814136696338650e+00,6.585729368758846292e+00,2.000000000000000000e+00
-1.783054869840668299e+00,6.800815204280901138e-01,0.000000000000000000e+00
-7.330699636601432090e-01,4.035436663236565691e-01,0.000000000000000000e+00
8.912476629824521268e+00,6.418802482302989887e+00,2.000000000000000000e+00
-6.753320352829465634e+00,6.974085318105961662e+00,1.000000000000000000e+00
-1.627375287101171963e+00,1.481718973117420957e+00,0.000000000000000000e+00
8.725090516261966300e+00,5.900349411669846944e+00,2.000000000000000000e+00
3.444237559544217842e+00,8.447674930556615891e+00,3.000000000000000000e+00
6.800046415117257936e+00,6.184618117177468122e+00,2.000000000000000000e+00
7.768596666152307151e+00,6.217098391974244187e+00,2.000000000000000000e+00
5.757647713817353186e-01,9.230550309800517050e-01,0.000000000000000000e+00
-1.259494707284724013e-01,8.918786746344526950e-01,0.000000000000000000e+00
-7.492251975805735320e+00,8.129902778673177011e+00,1.000000000000000000e+00
9.231964540215878756e+00,7.487353869003319673e+00,2.000000000000000000e+00
1.067327698431929051e+01,8.288873120140834772e+00,2.000000000000000000e+00
2.755587264446926365e+00,6.597027971826657122e+00,3.000000000000000000e+00
3.959887977357444466e+00,5.898697898434827280e+00,3.000000000000000000e+00
4.459077013140911205e+00,7.405504719982789474e+00,3.000000000000000000e+00
3.592351558724916849e+00,6.586205705847886449e+00,3.000000000000000000e+00
3.295796164709747345e+00,7.155435901869014792e+00,3.000000000000000000e+00
9.240680624572336299e+00,5.492556228588322931e+00,2.000000000000000000e+00
-7.411376106705088951e+00,8.416868594414287585e+00,1.000000000000000000e+00
3.603241939916895120e+00,7.903358134677030300e+00,3.000000000000000000e+00
-5.383886615853816782e-01,-3.630359056130678663e-01,0.000000000000000000e+00
-6.167747751711371684e+00,9.886547847933970345e+00,1.000000000000000000e+00
8.587474905051893259e+00,5.288400151960673590e+00,2.000000000000000000e+00
-6.893568492542710757e+00,7.367041396035709511e+00,1.000000000000000000e+00
4.485895148748930694e+00,7.105195154648379585e+00,3.000000000000000000e+00
-5.530247400942703173e+00,7.042041602218803931e+00,1.000000000000000000e+00
1.648759842179385648e+00,8.339540569996342967e+00,3.000000000000000000e+00
2.819974347942582060e+00,7.417584599392847977e+00,3.000000000000000000e+00
-6.894219657900197973e+00,8.229506218832858266e+00,1.000000000000000000e+00
9.253359349776443921e+00,4.295936274879220029e+00,2.000000000000000000e+00
-7.498678127583425557e+00,7.194812212175637711e+00,1.000000000000000000e+00
-7.196301685372413104e+00,8.659387420128583202e+00,1.000000000000000000e+00
-6.328362368453701592e+00,8.436471376585037873e+00,1.000000000000000000e+00
-8.084325638405944758e+00,8.992941713752461652e+00,1.000000000000000000e+00
8.843244479500782518e+00,6.759122310150042168e+00,2.000000000000000000e+00
2.882743500916003399e+00,6.567033203153960663e+00,3.000000000000000000e+00
9.222219327038471803e+00,4.111451472905132576e+00,2.000000000000000000e+00
9.041865359938668689e+00,7.610670269687926925e+00,2.000000000000000000e+00
-6.533081493351960312e+00,8.472457011280795314e+00,1.000000000000000000e+00
8.091323089448863470e+00,5.856956838852487301e+00,2.000000000000000000e+00
-6.837710653502122593e-01,1.399001192801801574e+00,0.000000000000000000e+00
8.905418609930514151e+00,6.644949083910263177e+00,2.000000000000000000e+00
1.885811265786663249e-01,3.327946819846521187e-01,0.000000000000000000e+00
-7.493643414206238695e+00,7.672027745512098207e+00,1.000000000000000000e+00
-2.284241354315016626e+00,2.498416274309232410e+00,0.000000000000000000e+00
3.783004310190540842e-01,2.305876332503848936e+00,0.000000000000000000e+00
-1.785867429875536594e+00,3.066037814487387436e+00,0.000000000000000000e+00
3.101061926641505817e+00,7.679254501513373299e+00,3.000000000000000000e+00
9.530394510710348044e+00,6.521399865518694661e+00,2.000000000000000000e+00
-6.592397059730061848e+00,8.987046473466614671e+00,1.000000000000000000e+00
1.769053024813780350e+00,7.653322781813089115e+00,3.000000000000000000e+00
5.898277759035406298e-01,7.901244677099140468e+00,3.000000000000000000e+00
-7.672245966262273065e+00,8.416975423153150615e+00,1.000000000000000000e+00
4.985837912053332488e+00,6.029811855315657887e+00,3.000000000000000000e+00
-1.342113801839388776e+00,8.894762282705712675e-01,0.000000000000000000e+00
9.403232441116104567e+00,5.492793160625504711e+00,2.000000000000000000e+00
-7.898343529992512657e+00,8.429929809426266019e+00,1.000000000000000000e+00
2.861870042535826553e+00,7.712039496560528562e+00,3.000000000000000000e+00
1.898421520124732753e+00,7.875029647065724170e+00,3.000000000000000000e+00
-4.473339489132200919e-01,1.236045856686247779e+00,0.000000000000000000e+00
-6.772360471062244258e+00,7.701404868404191362e+00,1.000000000000000000e+00
9.957036189018440453e+00,6.129528348575115082e+00,2.000000000000000000e+00
-5.591552711507462803e+00,7.296010456222112417e+00,1.000000000000000000e+00
-7.748635878627019302e+00,8.188172060043820366e+00,1.000000000000000000e+00
-6.338184652020186327e+00,8.222665718714406324e+00,1.000000000000000000e+00
4.182272405927122350e+00,6.489755719322880978e+00,3.000000000000000000e+00
-6.582425084244657221e+00,8.664534146273764392e+00,1.000000000000000000e+00
8.389103028143871654e+00,7.400199750875176008e+00,2.000000000000000000e+00
9.416306130366917770e+00,7.050892421990646142e+00,2.000000000000000000e+00
3.177860586661007680e+00,7.867530915679121328e+00,3.000000000000000000e+00
8.634021794374296732e+00,6.081407239726215330e+00,2.000000000000000000e+00
-1.208548418461372176e+00,1.102758639925616402e+00,0.000000000000000000e+00
1.067188510621372899e+01,5.122016884456014552e+00,2.000000000000000000e+00
-5.541216328619749554e+00,7.533048984048287267e+00,1.000000000000000000e+00
-1.012416620367518227e+00,1.706684950077739682e+00,0.000000000000000000e+00
9.227069673374368008e+00,5.001172293231219257e+00,2.000000000000000000e+00
-7.712324320497345731e+00,7.750577450417292624e+00,1.000000000000000000e+00
-7.849853467266309615e+00,8.090143486291841768e+00,1.000000000000000000e+00
-3.019864619315998366e-01,1.702414123670358492e+00,0.000000000000000000e+00
-8.428163832173943604e+00,8.588760682652278433e+00,1.000000000000000000e+00
1.222485818253825629e+00,7.612915762904068906e+00,3.000000000000000000e+00
9.482660609407403740e+00,5.892016373920172967e+00,2.000000000000000000e+00
-1.113392492289538627e+00,1.713992633550608380e+00,0.000000000000000000e+00
9.556544041123474997e+00,4.779590904550970798e+00,2.000000000000000000e+00
1.024280368874053604e+00,9.015546581171328455e+00,3.000000000000000000e+00
-2.355264011374434308e+00,2.443223320492213801e-01,0.000000000000000000e+00
-1.174046763301890506e+00,1.467776712596294164e+00,0.000000000000000000e+00
2.683199673081290371e+00,7.028503080645409185e+00,3.000000000000000000e+00
-7.882981098454751923e+00,8.516885149909001029e+00,1.000000000000000000e+00
2.980045910162749667e+00,6.254101937633745223e+00,3.000000000000000000e+00
-1.042200408797109734e+00,2.355971570034834706e+00,0.000000000000000000e+00
-7.482527947549625580e+00,8.751797302430427195e+00,1.000000000000000000e+00
-2.355227218242600173e+00,1.302618827549085756e+00,0.000000000000000000e+00
-7.431315917025409057e+00,9.194026831750978346e+00,1.000000000000000000e+00
-7.233442875654693793e+00,8.935671733477704493e+00,1.000000000000000000e+00
-6.825233185067016706e+00,9.066407609010983748e+00,1.000000000000000000e+00
-7.020884260689665979e+00,8.304375674140958452e+00,1.000000000000000000e+00
-1.426000722768063778e+00,-2.128499259877858485e-01,0.000000000000000000e+00
9.064207220138330356e+00,6.829121600462717545e+00,2.000000000000000000e+00
8.918389743064812691e+00,7.602359280446480128e+00,2.000000000000000000e+00
9.326290527390053597e+00,7.358506340692041015e+00,2.000000000000000000e+00
-7.373384208446907451e+00,7.089570691354552423e+00,1.000000000000000000e+00
-5.371235355877359563e-01,-1.466751104829912666e+00,0.000000000000000000e+00
2.904441680918392610e+00,7.706482508743216719e+00,3.000000000000000000e+00
-1.833950471242944857e+00,6.414220001869114229e-01,0.000000000000000000e+00
1.703163334808031948e+00,8.070778143176317698e+00,3.000000000000000000e+00
1.043178255900599893e+01,7.103376810636305549e+00,2.000000000000000000e+00
3.005235171671323258e+00,7.000415191909249657e+00,3.000000000000000000e+00
-6.339121197648750261e+00,8.177079397850906872e+00,1.000000000000000000e+00
1.043814736690402789e+01,6.017386275232987636e+00,2.000000000000000000e+00
-9.757808366129042676e-01,-4.627305638029175494e-01,0.000000000000000000e+00
2.979259401071570057e+00,6.608109733741679648e+00,3.000000000000000000e+00
-7.604191829571610661e+00,7.366464356953429160e+00,1.000000000000000000e+00
-7.163471020051363602e+00,8.317926949888889254e+00,1.000000000000000000e+00
9.331960483839855769e+00,5.251795439511603547e+00,2.000000000000000000e+00
1.691422437476069573e+00,7.764420385835413718e+00,3.000000000000000000e+00
-3.704572666098797651e-01,2.247567986346456159e+00,0.000000000000000000e+00
-3.950225349403824193e-02,1.299025841593770547e+00,0.000000000000000000e+00
9.113978834377745031e+00,6.187233833442022046e+00,2.000000000000000000e+00
2.343709734865657257e+00,7.575103001304487549e+00,3.000000000000000000e+00
9.709029228233166720e+00,7.108817332333670080e+00,2.000000000000000000e+00
3.157951275698850147e+00,8.607414169205544141e+00,3.000000000000000000e+00
2.471650743632922698e-01,5.594796864659715707e-01,0.000000000000000000e+00
-8.139421174248170132e+00,8.992026137127206553e+00,1.000000000000000000e+00
1.023116790679781651e+01,5.693282483268210292e+00,2.000000000000000000e+00
-6.771472249694457268e+00,7.745000867112739051e+00,1.000000000000000000e+00
1.728712559932966020e+00,7.709197231682813012e+00,3.000000000000000000e+00
-5.054190023825266831e-02,1.904202349832119223e-01,0.000000000000000000e+00
8.397918528697662310e+00,7.718963332359217056e+00,2.000000000000000000e+00
-6.649786301202381900e+00,7.080416386352110791e+00,1.000000000000000000e+00
-1.632442825809463427e+00,2.072070601770910514e+00,0.000000000000000000e+00
9.039157315748175492e+00,6.665883613791145024e+00,2.000000000000000000e+00
-4.359546887096642509e-01,1.765580693465140572e+00,0.000000000000000000e+00
9.315123782348251780e+00,6.143909587565063113e+00,2.000000000000000000e+00
-7.027864075138896993e+00,8.588474770619319187e+00,1.000000000000000000e+00
-5.936606388758791653e+00,7.857124509236689924e+00,1.000000000000000000e+00
-2.671568186824886837e+00,2.180086127931396778e+00,0.000000000000000000e+00
2.926208074529473180e+00,8.168146936933592173e+00,3.000000000000000000e+00
-2.363741852690182110e-02,1.468145974271990228e+00,0.000000000000000000e+00
-6.954670025262947419e+00,7.779990001375437281e+00,1.000000000000000000e+00
9.865677109098875519e+00,6.628180606669063835e+00,2.000000000000000000e+00
3.349308186464305059e+00,7.242176857849948135e+00,3.000000000000000000e+00
-1.406327964462820823e+00,8.861843024005737757e-01,0.000000000000000000e+00
2.505895839385173574e+00,7.611299109728254741e+00,3.000000000000000000e+00
9.873030655910884690e+00,5.444399437589606983e+00,2.000000000000000000e+00
-7.631689978005860908e+00,7.791904229057810660e+00,1.000000000000000000e+00
8.658831828539158337e+00,5.559153659719896723e+00,2.000000000000000000e+00
2.822888999388575293e+00,7.106368636380984150e+00,3.000000000000000000e+00
2.740632361431753150e+00,8.284967814496383198e+00,3.000000000000000000e+00
3.592693307212034171e+00,6.465434609825486234e+00,3.000000000000000000e+00
-7.302443832036186855e+00,9.095269892916745036e+00,1.000000000000000000e+00
-1.125934883463127312e+00,1.313380757470649307e+00,0.000000000000000000e+00
2.405566871312068145e+00,7.713963768292272150e+00,3.000000000000000000e+00
2.803563843646684983e+00,8.781973383280037737e+00,3.000000000000000000e+00
1.708228645346825392e-01,1.411359071938660836e+00,0.000000000000000000e+00
3.751313129663502721e+00,6.231637316753781519e+00,3.000000000000000000e+00
1.408269880028510279e+00,8.986928864033757236e+00,3.000000000000000000e+00
6.310233441930936937e-01,2.296710131528025833e+00,0.000000000000000000e+00
9.278748878233438191e+00,6.260874450967302884e+00,2.000000000000000000e+00
9.730818697681474561e+00,6.199405090754511072e+00,2.000000000000000000e+00
1.045966057089404266e+00,9.733623583379903410e-01,0.000000000000000000e+00
2.180265802570837685e+00,8.053365455987156807e+00,3.000000000000000000e+00
-7.841409668586342363e+00,9.149037367588192637e+00,1.000000000000000000e+00
3.337268626277858807e+00,5.926094372581528269e+00,3.000000000000000000e+00
2.452180964959668419e+00,7.472241751281606170e+00,3.000000000000000000e+00
-8.797566546551909283e+00,9.491251836109052320e+00,1.000000000000000000e+00
-7.912358724381332031e-01,5.228868574433015448e-01,0.000000000000000000e+00
8.519726716578656323e+00,6.985048927998959378e+00,2.000000000000000000e+00
2.333507144599452854e+00,6.918890864376094463e+00,3.000000000000000000e+00
9.548348611020115229e+00,4.540043958972593607e+00,2.000000000000000000e+00
-8.753245508052454049e-01,1.407911612024453474e+00,0.000000000000000000e+00
2.777611754538156674e+00,7.538830019620010425e+00,3.000000000000000000e+00
2.321171937498708537e+00,8.752315522693189465e+00,3.000000000000000000e+00
8.336342210110554873e+00,3.786538153567215570e+00,2.000000000000000000e+00
3.693762836648194714e+00,8.272400779758152467e+00,3.000000000000000000e+00
-5.787694114370680154e+00,7.692480971946638491e+00,1.000000000000000000e+00
8.052646964026221710e+00,5.064181863867494471e+00,2.000000000000000000e+00
2.416379411366808228e+00,7.150396612215285330e+00,3.000000000000000000e+00
-1.701187822293620311e+00,1.516772123686623175e+00,0.000000000000000000e+00
-6.459852506234852854e+00,8.037585906974726413e+00,1.000000000000000000e+00
6.574684980642397925e-02,1.996882366021626609e+00,0.000000000000000000e+00
2.002949148848461203e+00,7.522547242997933203e+00,3.000000000000000000e+00
9.373728567943446777e+00,4.463718377828338468e+00,2.000000000000000000e+00
-7.123454702773583058e+00,8.113664810525150983e+00,1.000000000000000000e+00
-6.643763565811327432e+00,8.994565065796248149e+00,1.000000000000000000e+00
-7.363130912341668832e+00,6.682739269027273998e+00,1.000000000000000000e+00
3.077567677262651902e+00,8.085227866369196548e+00,3.000000000000000000e+00
-6.144371409392673122e+00,8.833534764018997620e+00,1.000000000000000000e+00
-6.907756203662898997e+00,7.268204761180284912e+00,1.000000000000000000e+00
2.984130246889571847e+00,8.309373644195222397e+00,3.000000000000000000e+00
7.684153723293971616e+00,5.707783286152722901e+00,2.000000000000000000e+00
8.585266284578123575e+00,6.106016927707845987e+00,2.000000000000000000e+00
3.208477842557654558e+00,8.416707783087652217e+00,3.000000000000000000e+00
3.314401466087513626e+00,7.533662124410490435e+00,3.000000000000000000e+00
-8.306944434983472902e+00,6.918077870883981184e+00,1.000000000000000000e+00
-6.718236636284235175e+00,6.066407297560571621e+00,1.000000000000000000e+00
-2.218507113575624023e-01,1.788834552635735431e+00,0.000000000000000000e+00
-6.772960384602586537e+00,9.052550127975932170e+00,1.000000000000000000e+00
9.229188527108558304e+00,5.058209946812721292e+00,2.000000000000000000e+00
2.676283737879301849e+00,6.664059095381325903e+00,3.000000000000000000e+00
3.400307754261989501e+00,8.496888150830713471e+00,3.000000000000000000e+00
2.728852187268171914e+00,7.240838734775496555e+00,3.000000000000000000e+00
1.567722769968992846e+00,7.553739566980398834e+00,3.000000000000000000e+00
3.633717466278640007e+00,9.083295882794669041e+00,3.000000000000000000e+00
-2.110822108154613463e+00,1.687211396354741488e+00,0.000000000000000000e+00
-8.348207287515077013e+00,7.281204685935128929e+00,1.000000000000000000e+00
-3.795395386521315251e-01,1.515838383821830337e+00,0.000000000000000000e+00
1.437390465619656998e+00,8.200455061305538251e+00,3.000000000000000000e+00
8.084796524670887052e+00,5.558448985171564161e+00,2.000000000000000000e+00
8.042093207937615063e+00,5.851439301346846200e+00,2.000000000000000000e+00
-1.006095387328946655e+00,1.966281873852629314e+00,0.000000000000000000e+00
-6.384974553325472257e+00,8.109774656579137542e+00,1.000000000000000000e+00
2.294456659836531021e+00,7.859037764945449034e+00,3.000000000000000000e+00
-4.627356977461559717e-01,2.017206197872715823e+00,0.000000000000000000e+00
3.544979634226365306e+00,7.769591010884378868e+00,3.000000000000000000e+00
2.880300753556728210e+00,8.720846934176028853e+00,3.000000000000000000e+00
-1.875008690918883669e+00,6.020965670886485599e-01,0.000000000000000000e+00
7.347227851882925265e+00,5.726242344655171124e+00,2.000000000000000000e+00
9.744404864486213569e+00,5.216761692211748347e+00,2.000000000000000000e+00
1.720393288785669883e+00,7.665857452262271998e+00,3.000000000000000000e+00
-2.235417382928233998e+00,6.383830554214910968e-01,0.000000000000000000e+00
4.879920934884993677e-01,1.539770441341783647e+00,0.000000000000000000e+00
2.356685345940426224e+00,7.699774834667414858e+00,3.000000000000000000e+00
-7.870300540146399904e-01,1.024219420930960744e-02,0.000000000000000000e+00
-8.616898427235912816e-01,1.301310319008739391e+00,0.000000000000000000e+00
-6.387131731531790813e+00,8.558386682582939997e+00,1.000000000000000000e+00
1.063601645663640838e+01,7.551630588245243025e+00,2.000000000000000000e+00
1.851488181695437607e+00,6.386633803392701481e+00,3.000000000000000000e+00
-6.988786287205546621e+00,9.622718122156790344e+00,1.000000000000000000e+00
1.742484921050432956e+00,6.335010620798163572e+00,3.000000000000000000e+00
4.780060894520891779e+00,7.767689168944879263e+00,3.000000000000000000e+00
3.159419235376506485e+00,5.853870874545709313e+00,3.000000000000000000e+00
-7.999504916283666667e+00,7.733581324788808331e+00,1.000000000000000000e+00
-3.798080012324360766e-01,4.810804178534756614e-01,0.000000000000000000e+00
1.078276170225814745e+01,5.054910618669660849e+00,2.000000000000000000e+00
2.485995698946150245e+00,7.324266615962464755e+00,3.000000000000000000e+00
2.827314441285987190e+00,7.597346996638091099e+00,3.000000000000000000e+00
7.956024541133063899e+00,6.861190962944439420e+00,2.000000000000000000e+00
3.120911090665045684e+00,7.138647883441728403e+00,3.000000000000000000e+00
7.928582529951707869e+00,6.079359514065580505e+00,2.000000000000000000e+00
-5.515297308988258429e-01,1.381995066185276455e-01,0.000000000000000000e+00
2.352290132815693102e+00,8.825012424171713832e+00,3.000000000000000000e+00
2.081902274457121393e+00,8.314550513866700854e+00,3.000000000000000000e+00
-8.776044412554474761e+00,9.425696246778898058e+00,1.000000000000000000e+00
-6.623898362243439308e+00,8.515443614978094544e+00,1.000000000000000000e+00
1.072546402811305200e+01,6.868810720799027436e+00,2.000000000000000000e+00
8.558008757829400182e+00,7.775772642673344670e+00,2.000000000000000000e+00
-7.583279285234429956e+00,8.639570282584221772e+00,1.000000000000000000e+00
-7.514487689356874611e-02,1.577365213997422577e+00,0.000000000000000000e+00
2.541949118141962671e+00,6.845990512770343983e+00,3.000000000000000000e+00
1.034063120900649935e+01,5.755930343630518919e+00,2.000000000000000000e+00
-7.138836069581071087e+00,8.073193165911654035e+00,1.000000000000000000e+00
-9.428856912028475978e-01,8.673802116162601106e-01,0.000000000000000000e+00
-1.742911514738695322e+00,1.185423643910829439e+00,0.000000000000000000e+00
8.892824933856433134e+00,5.782547837335358487e+00,2.000000000000000000e+00
-7.689342342884110337e+00,7.117636853266253283e+00,1.000000000000000000e+00
9.652267194088196334e+00,4.526448093629991121e+00,2.000000000000000000e+00
-1.870075746435512887e+00,5.557796079518674270e-01,0.000000000000000000e+00
8.713442328327570152e+00,5.773453434911893112e+00,2.000000000000000000e+00
8.038103552233611282e+00,6.121422272762469419e+00,2.000000000000000000e+00
7.138503022660228403e+00,7.313678830564744437e+00,2.000000000000000000e+00
4.018218711816016864e+00,8.771528142488914881e+00,3.000000000000000000e+00
-3.832632908345621203e-01,1.244515599375697112e+00,0.000000000000000000e+00
-4.862680108016864677e-01,1.049105125352197021e+00,0.000000000000000000e+00
-5.853661137519611479e+00,8.649106854681829049e+00,1.000000000000000000e+00
9.218344447876383185e+00,5.743967043176104958e+00,2.000000000000000000e+00
1.598069010310331439e+00,6.610449320947429541e+00,3.000000000000000000e+00
9.770575010761485046e+00,5.426170265627658473e+00,2.000000000000000000e+00
8.854396031278946921e+00,6.464006175686798805e+00,2.000000000000000000e+00
-6.913001616951390815e+00,9.071886868795633774e+00,1.000000000000000000e+00
-1.580233868984031620e+00,2.062261762002516541e+00,0.000000000000000000e+00
-1.947119594300723122e+00,-5.820316504565070659e-02,0.000000000000000000e+00
3.245150123373760742e+00,7.778915106757775533e+00,3.000000000000000000e+00
-3.695725807513272620e-01,1.649336430963167066e+00,0.000000000000000000e+00
3.931423570413361102e+00,7.498512242724693522e+00,3.000000000000000000e+00
9.249384763790901687e+00,7.123514727332807439e+00,2.000000000000000000e+00
8.783960739018485953e+00,3.103299480811023248e+00,2.000000000000000000e+00
-9.430165854958743044e-01,1.560385078655910362e+00,0.000000000000000000e+00
-7.695562946742885657e+00,8.294156467099824681e+00,1.000000000000000000e+00
8.666269354136632685e+00,4.645760485949991470e+00,2.000000000000000000e+00
-7.711003318820524477e+00,8.450903195997716111e+00,1.000000000000000000e+00
1.787938786321833895e+00,6.683189261039046869e+00,3.000000000000000000e+00
-7.124451680465031522e+00,6.722598902413901456e+00,1.000000000000000000e+00
8.356690929507533117e-01,1.203051680004200374e+00,0.000000000000000000e+00
8.968649729955838978e+00,5.441055691242281611e+00,2.000000000000000000e+00
-6.724525887821928727e+00,8.700244716543307888e+00,1.000000000000000000e+00
1.534063224222253385e+00,7.227429137634096001e+00,3.000000000000000000e+00
8.044975968226296459e+00,5.224518178800999557e+00,2.000000000000000000e+00
-1.587928293322236506e+00,1.924000381408422333e+00,0.000000000000000000e+00
-7.832287612070301108e+00,9.080847980338203840e+00,1.000000000000000000e+00
3.035487013524419186e+00,9.117604884177648472e+00,3.000000000000000000e+00
-7.549502634026749703e+00,8.714676020361476816e+00,1.000000000000000000e+00
-6.979581759514084993e+00,7.116638298907592031e+00,1.000000000000000000e+00
-6.963354835289795375e+00,8.235513043816077072e+00,1.000000000000000000e+00
3.321142869691127153e+00,8.356068688004201661e+00,3.000000000000000000e+00
-5.449025591386684297e+00,8.529453851076583604e+00,1.000000000000000000e+00
-8.054217264314809110e-01,1.635738896506755635e+00,0.000000000000000000e+00
1.349994366941828838e+00,9.287747168194904646e+00,3.000000000000000000e+00
8.950165836451223100e+00,5.809216192525727074e+00,2.000000000000000000e+00
-2.277069129923414703e-02,1.261661573661058577e+00,0.000000000000000000e+00
1.881900152464560216e+00,7.656335577278733595e+00,3.000000000000000000e+00
-7.187178979981982962e+00,6.855698897029408379e+00,1.000000000000000000e+00
-7.722906480931393425e+00,8.838948550113840952e+00,1.000000000000000000e+00
-2.343083476483875049e+00,-2.469456431235741434e-01,0.000000000000000000e+00
-8.619543026787587436e+00,7.329221823178596829e+00,1.000000000000000000e+00
1.966913200772437254e+00,7.795913108245908774e+00,3.000000000000000000e+00
8.248162408535261392e+00,6.497021249270814813e+00,2.000000000000000000e+00
8.352314735097719378e+00,4.569357324353490846e+00,2.000000000000000000e+00
-7.723215262772574974e+00,8.509587826862894389e+00,1.000000000000000000e+00
-1.149823301864150826e+00,1.058293868628098933e+00,0.000000000000000000e+00
-5.181341386442988028e-01,-2.512423494136577506e-01,0.000000000000000000e+00
-8.615295486615568876e+00,8.700771393531605113e+00,1.000000000000000000e+00
-7.826456006201365057e+00,9.407145360309620230e+00,1.000000000000000000e+00
-6.567339632902623237e+00,9.395233476066820799e+00,1.000000000000000000e+00
9.762254423489132193e+00,4.085465737330568281e+00,2.000000000000000000e+00
2.870001139556932035e+00,7.366470774797601706e+00,3.000000000000000000e+00
5.290765251344212494e+00,8.703704961313031063e+00,3.000000000000000000e+00
-2.742854561417584769e-02,2.046237705416342756e+00,0.000000000000000000e+00
-6.375191748391712210e+00,8.362281492840617503e+00,1.000000000000000000e+00
3.804651549233916796e+00,5.882574487872770597e+00,3.000000000000000000e+00
2.623431265386453770e+00,7.425959354721370254e+00,3.000000000000000000e+00
-6.882720289605654962e+00,9.521513963911122147e+00,1.000000000000000000e+00
-7.742231258601846910e+00,7.885428872178015247e+00,1.000000000000000000e+00
-3.595798823391925803e-01,-1.392341353466066245e+00,0.000000000000000000e+00
-1.018320849174571663e+00,2.574474640654348612e+00,0.000000000000000000e+00
-8.700461273445714294e-01,3.437275856331136747e-01,0.000000000000000000e+00
8.131869693641174734e+00,5.937636097882122321e+00,2.000000000000000000e+00
3.355035493634582533e+00,7.289956105049717472e+00,3.000000000000000000e+00
-7.190888552762276120e+00,8.330686172197204087e+00,1.000000000000000000e+00
8.094277906868875050e+00,6.180061364382431144e+00,2.000000000000000000e+00
3.128874526592494210e+00,5.117379800352070518e+00,3.000000000000000000e+00
-6.655477937816074885e+00,8.031286522357087065e+00,1.000000000000000000e+00
-6.681128725658104450e+00,7.541931303569544554e+00,1.000000000000000000e+00
2.357591772457169554e+00,7.347134929290698224e+00,3.000000000000000000e+00
-8.159614826275078947e-01,1.068144669765059396e+00,0.000000000000000000e+00
8.890190916909396890e+00,5.632123260280240906e+00,2.000000000000000000e+00
-1.454969553300482499e+00,5.040280406546696623e-01,0.000000000000000000e+00
9.289555326585794859e+00,6.508068169900264266e+00,2.000000000000000000e+00
-8.155704756425885549e+00,6.446681502066851088e+00,1.000000000000000000e+00
-6.910024596010126530e+00,9.199857565976905960e+00,1.000000000000000000e+00
2.695825946418984653e+00,7.840712474414712752e+00,3.000000000000000000e+00
9.819098044117846591e-02,9.217152249014083365e-01,0.000000000000000000e+00
-9.550939530865590887e-01,1.753652036553142057e+00,0.000000000000000000e+00
8.747227777652797798e+00,5.351100003821195550e+00,2.000000000000000000e+00
-8.496789301240230685e+00,9.240365748755136721e+00,1.000000000000000000e+00
9.954649777175678338e+00,6.305621838374261046e+00,2.000000000000000000e+00
3.329921393107055039e+00,6.232616960523731819e+00,3.000000000000000000e+00
-5.569220791653909153e+00,7.874516954336654884e+00,1.000000000000000000e+00
-6.864930745551571789e+00,6.649140288061031967e+00,1.000000000000000000e+00
-7.783948178881632263e-01,6.408814212055700121e-01,0.000000000000000000e+00
-6.586815088129369222e+00,8.089138958414970659e+00,1.000000000000000000e+00
1.180153403207375540e+01,6.288517858644241620e+00,2.000000000000000000e+00
-1.370613596084196084e+00,2.067126585253486581e+00,0.000000000000000000e+00
8.522630417253804325e+00,7.110116100811792350e+00,2.000000000000000000e+00
-5.515842281604622421e+00,8.423926258524556232e+00,1.000000000000000000e+00
9.821584850315295157e+00,5.051842808425114129e+00,2.000000000000000000e+00
-2.010880203836876934e+00,1.192764448676373323e+00,0.000000000000000000e+00
1.597479473014909113e+00,7.731688677556435074e+00,3.000000000000000000e+00
5.323306073569165076e-01,2.799106054048418279e+00,0.000000000000000000e+00
-7.047562524032467302e+00,8.300684677764280650e+00,1.000000000000000000e+00
-5.499560688915023920e-01,1.345624212999002811e+00,0.000000000000000000e+00
-6.501274985597617295e+00,7.409265625546636258e+00,1.000000000000000000e+00
-6.664027425529901016e+00,9.481271174709302585e+00,1.000000000000000000e+00
-8.310566551247941192e+00,7.863449628378289091e+00,1.000000000000000000e+00
2.670212197756757444e+00,8.027024919249244661e+00,3.000000000000000000e+00
-1.336317572184552382e+00,1.272518300149583892e+00,0.000000000000000000e+00
9.309491336231651815e+00,5.847161198506078073e+00,2.000000000000000000e+00
-1.705966798214744617e+00,1.204367158194894483e-01,0.000000000000000000e+00
-1.141242833917734290e+00,1.673598597791558618e+00,0.000000000000000000e+00
-8.101807126633570277e+00,7.481596473356190380e+00,1.000000000000000000e+00
-2.358305100218630601e-01,4.625267741318328518e-04,0.000000000000000000e+00
8.743911259464423935e+00,6.288463046294191727e+00,2.000000000000000000e+00
9.316895728137771115e+00,5.529809632499803840e+00,2.000000000000000000e+00
9.373681955279431932e+00,5.404188823479640469e+00,2.000000000000000000e+00
-8.371745920634499072e-02,6.110693522094905461e+00,3.000000000000000000e+00
-6.681957593136855778e-02,-4.152597889379805451e-02,0.000000000000000000e+00
8.989636229231564357e+00,3.883433978106189066e+00,2.000000000000000000e+00
1.037619317535956576e+01,6.084042156297613246e+00,2.000000000000000000e+00
-1.946842206018413624e+00,2.301386197103099107e-01,0.000000000000000000e+00
2.618804674022591428e+00,7.824642382223519377e+00,3.000000000000000000e+00
2.821110311825143047e+00,8.599528662883958674e+00,3.000000000000000000e+00
3.706445097697459445e+00,8.107268311463796451e+00,3.000000000000000000e+00
3.097067858916746186e+00,8.276394962305243297e+00,3.000000000000000000e+00
-2.553537089680501193e+00,1.644871573398349884e+00,0.000000000000000000e+00
-2.870149026251771929e+00,1.891033613944336222e-01,0.000000000000000000e+00
9.922924516251240945e+00,6.430331480323107307e+00,2.000000000000000000e+00
1.712521570527643089e-01,1.653187449580574064e+00,0.000000000000000000e+00
-1.157107527357891019e+00,6.921159559422609409e-01,0.000000000000000000e+00
-1.207324077713755273e+00,2.592247109400964256e+00,0.000000000000000000e+00
-1.215554646215156742e+00,-6.843455046459343549e-01,0.000000000000000000e+00
-4.884346703271815748e-01,1.963950174376094759e+00,0.000000000000000000e+00
-6.513609533430097187e+00,8.616583054873975911e+00,1.000000000000000000e+00
-1.868538973522991586e+00,7.859947841192870266e-01,0.000000000000000000e+00
8.755618376344749265e+00,6.973323544131447171e+00,2.000000000000000000e+00
8.707912150458641420e+00,6.259877724892823458e+00,2.000000000000000000e+00
-7.008936458563857386e+00,9.426292860778163529e+00,1.000000000000000000e+00
-3.802430771646979624e-01,-6.202015747349487462e-02,0.000000000000000000e+00
8.974910749259059628e+00,4.820581567196344785e+00,2.000000000000000000e+00
-6.680464544250324543e+00,8.399795696084010999e+00,1.000000000000000000e+00
1.507838723852505947e+00,7.788140355908353740e+00,3.000000000000000000e+00
-7.280724779095369747e+00,9.452538756692050015e+00,1.000000000000000000e+00
3.522454178147921056e+00,7.502285145341156536e+00,3.000000000000000000e+00
8.717116134408744443e+00,6.044557968707117368e+00,2.000000000000000000e+00
2.292154667596306261e+00,8.735453893505363610e+00,3.000000000000000000e+00
1.022632863032239037e+01,5.223629869158067152e+00,2.000000000000000000e+00
-6.879715963177708282e+00,7.787566757474830403e+00,1.000000000000000000e+00
-9.877985514407272571e-02,1.578466251998433156e+00,0.000000000000000000e+00
1.053170426507771040e+01,4.346521125166808552e+00,2.000000000000000000e+00
-2.714561333676096311e+00,3.205089274868543114e+00,0.000000000000000000e+00
2.184848828485825400e+00,9.164781265982394842e+00,3.000000000000000000e+00
9.747045307726734720e+00,5.542242271645901219e+00,2.000000000000000000e+00
-6.573373141691388533e+00,1.022328718905574796e+01,1.000000000000000000e+00
2.459490328477370369e+00,9.584940044819898475e+00,3.000000000000000000e+00
9.554287142235606822e+00,6.221277931341481882e+00,2.000000000000000000e+00
1.683729794775801647e+00,6.939949437949917588e+00,3.000000000000000000e+00
3.125205842615033092e-01,-2.888241342205157824e-01,0.000000000000000000e+00
1.169129776028984580e+01,6.079479579076679130e+00,2.000000000000000000e+00
8.424396266008203682e+00,4.982287725368377274e+00,2.000000000000000000e+00
-3.295318352873463086e-01,6.498731043272523156e-01,0.000000000000000000e+00
-8.920666525768753408e-01,6.380650734211921193e-01,0.000000000000000000e+00
9.162828743830065292e+00,6.649744256844770440e+00,2.000000000000000000e+00
-1.422610140506748833e+00,6.436412950607437455e-01,0.000000000000000000e+00
8.758320540700681889e+00,6.280298470567948321e+00,2.000000000000000000e+00
2.685398171196506034e+00,6.965979911858246609e+00,3.000000000000000000e+00
-7.294519044852890488e+00,9.153771509968059661e+00,1.000000000000000000e+00
-6.904649154534888922e+00,8.403532693783946073e+00,1.000000000000000000e+00
-1.973980871050209585e+00,2.177099062297458865e+00,0.000000000000000000e+00
-1.195522693090057320e+00,-4.205811874662226391e-01,0.000000000000000000e+00
-7.561512957142970670e+00,6.908673914226223900e+00,1.000000000000000000e+00
8.273460072620832051e+00,5.733410610934003060e+00,2.000000000000000000e+00
-1.836798295037356477e+00,1.180910632736694277e+00,0.000000000000000000e+00
-6.555026691682800610e+00,9.015572290118903709e+00,1.000000000000000000e+00
2.104393237854151000e+00,7.774206423939952870e+00,3.000000000000000000e+00
3.460037006037622209e+00,8.544448962951108228e+00,3.000000000000000000e+00
-7.177674509938427150e+00,8.997449150771647197e+00,1.000000000000000000e+00
-2.183410145702298522e+00,5.291418839299306676e-01,0.000000000000000000e+00
-6.288077621470866685e-01,1.925750398453969225e+00,0.000000000000000000e+00
3.934401933546171293e+00,7.733097806724456014e+00,3.000000000000000000e+00
-5.588157642024208505e-01,9.221369649453492467e-01,0.000000000000000000e+00
-6.967119912524518455e+00,8.344492434248339308e+00,1.000000000000000000e+00
8.483112110718256105e+00,7.276846910732476026e+00,2.000000000000000000e+00
-1.564201402703373489e+00,9.251984215230486530e-01,0.000000000000000000e+00
-1.440053280095134891e+00,1.419439455312687004e+00,0.000000000000000000e+00
8.551082931400731724e+00,5.899604833218935696e+00,2.000000000000000000e+00
9.195055726361474058e+00,6.832236470480621549e+00,2.000000000000000000e+00
3.889242433642372987e+00,7.461188696288087563e+00,3.000000000000000000e+00
2.199954901898125925e+00,8.815880553946215059e+00,3.000000000000000000e+00
-1.328330333074782210e+00,5.866710571310221889e-01,0.000000000000000000e+00
-5.148847379553984638e-01,2.107663542299909043e-01,0.000000000000000000e+00
-1.024869147571263017e+00,5.104802864355199032e-01,0.000000000000000000e+00
-6.648668528871712446e+00,7.525396745319739900e+00,1.000000000000000000e+00
1.092537688033512033e+01,4.743631182092233445e+00,2.000000000000000000e+00
3.926901362570022869e+00,6.222305082561707223e+00,3.000000000000000000e+00
-5.772513220855520544e+00,8.376718505120051006e+00,1.000000000000000000e+00
-4.026784598935104764e-01,1.709052336051863907e+00,0.000000000000000000e+00
-1.054873622195861893e+00,2.473816126476354516e+00,0.000000000000000000e+00
-1.584210985829033635e+00,2.810545529802753961e+00,0.000000000000000000e+00
9.198833811649421932e+00,5.286370073205612030e+00,2.000000000000000000e+00
-7.845671581856707988e+00,8.867879770611747148e+00,1.000000000000000000e+00
9.453101707846681023e+00,5.650063301868926580e+00,2.000000000000000000e+00
9.509599006875824045e+00,6.290814498654072828e+00,2.000000000000000000e+00
2.726411734796425623e+00,9.491814283581803124e+00,3.000000000000000000e+00
-5.290693458723818576e-01,1.608871749194154432e+00,0.000000000000000000e+00
-1.040450124613366834e+00,5.989199537237113180e-01,0.000000000000000000e+00
1.763167523488814226e+00,7.976229663761111865e+00,3.000000000000000000e+00
1.776223063450220963e+00,6.417287662336298659e+00,3.000000000000000000e+00
7.993926752874854991e+00,6.607676398747980961e+00,2.000000000000000000e+00
8.781742339916325690e+00,6.810664723697713363e+00,2.000000000000000000e+00
-7.618278003515388974e+00,8.166672320784895689e+00,1.000000000000000000e+00
4.122363212987055547e+00,6.886011802063140230e+00,3.000000000000000000e+00
-2.668194179610992034e-01,4.357151041604918618e-01,0.000000000000000000e+00
-1.084507309763225180e+00,2.425251066365053276e+00,0.000000000000000000e+00
-9.859080145130567630e-01,1.640563482588855537e+00,0.000000000000000000e+00
-6.754931731890011726e+00,8.281248977051669513e+00,1.000000000000000000e+00
4.557023888540969736e+00,7.210648941015834978e+00,3.000000000000000000e+00
-7.428822617019671171e+00,7.940544173833837149e+00,1.000000000000000000e+00
-6.515827765319773590e+00,7.897745849387570516e+00,1.000000000000000000e+00
2.620404250546793268e+00,7.069540812858459589e+00,3.000000000000000000e+00
-5.591437050300909206e+00,7.911302406946722598e+00,1.000000000000000000e+00
-1.997959392848591476e+00,1.288993769851714877e+00,0.000000000000000000e+00
1.809923659836261800e+00,6.265276195245960800e+00,3.000000000000000000e+00
-7.704138789637629436e+00,7.320353787239749721e+00,1.000000000000000000e+00
3.754462777329639955e+00,6.252347604149215421e+00,3.000000000000000000e+00
8.817687932936449258e+00,6.419912673274819070e+00,2.000000000000000000e+00
2.867639893822120367e+00,7.564520795914257967e+00,3.000000000000000000e+00
3.117421112436966180e+00,9.320184591155481257e+00,3.000000000000000000e+00
-7.111818420203302793e+00,8.167833724399304884e+00,1.000000000000000000e+00
-1.926255866132122740e-01,1.775014773397535661e+00,0.000000000000000000e+00
3.319910369229006175e+00,6.211931718016359127e+00,3.000000000000000000e+00
9.436390685106310627e+00,5.508281161972606199e+00,2.000000000000000000e+00
-8.547965303847483653e+00,7.107620145796550659e+00,1.000000000000000000e+00
-6.349119590131316215e+00,8.274432657823563630e+00,1.000000000000000000e+00
2.618438192585769819e+00,6.044418064918201772e+00,3.000000000000000000e+00
9.124856372645361091e+00,6.000618454145485003e+00,2.000000000000000000e+00
2.802421488964434104e+00,8.248397811030434568e+00,3.000000000000000000e+00
3.813953735382963561e+00,7.483495932850399157e+00,3.000000000000000000e+00
3.153634331824932246e+00,7.863225701283190539e+00,3.000000000000000000e+00
-4.433320914941613289e+00,8.725306966883064064e+00,1.000000000000000000e+00
-1.464785159501879486e+00,1.547327138331242358e+00,0.000000000000000000e+00
-1.767164239842054840e+00,1.061083767105118758e+00,0.000000000000000000e+00
-8.938682654257278370e-01,-1.379136539513869941e-02,0.000000000000000000e+00
1.862733798406128738e+00,7.126981031573519587e+00,3.000000000000000000e+00
2.535533285326894148e+00,8.090559776455210184e+00,3.000000000000000000e+00
1.410263088887810712e+00,8.933393181627877766e+00,3.000000000000000000e+00
2.253679923142913211e+00,6.370153730384035207e+00,3.000000000000000000e+00
-6.876480331816162916e+00,7.488737794617297716e+00,1.000000000000000000e+00
-2.441745710461334262e+00,6.428093598854833779e-01,0.000000000000000000e+00
7.725410690146384596e+00,7.209787307288313407e+00,2.000000000000000000e+00
9.495269798755364477e+00,4.044309841578012765e+00,2.000000000000000000e+00
-7.174197918208598423e+00,7.801857492630419166e+00,1.000000000000000000e+00
-7.715054501729579073e+00,7.520382888186359693e+00,1.000000000000000000e+00
-1.159748809831887106e+00,5.762599937974468567e-01,0.000000000000000000e+00
-6.494496968338836496e+00,9.110855939147421978e+00,1.000000000000000000e+00
9.102797579464292355e+00,5.634657542309287059e+00,2.000000000000000000e+00
8.678723744595261635e+00,6.762286837063141043e+00,2.000000000000000000e+00
8.703215877099269804e+00,5.528774163439886813e+00,2.000000000000000000e+00
-5.806138833741395722e+00,8.488814773931512292e+00,1.000000000000000000e+00
9.221835232119259373e+00,6.386787228390448767e+00,2.000000000000000000e+00
9.094382243255168419e+00,5.791079427598638141e+00,2.000000000000000000e+00
9.289624046557454662e+00,6.388606607642629776e+00,2.000000000000000000e+00
-8.592923232731088490e+00,1.034582110412854483e+01,1.000000000000000000e+00
1.306670093213172068e+00,7.708755183391009069e+00,3.000000000000000000e+00
1.200524417165051716e+01,4.617380853571978250e+00,2.000000000000000000e+00
9.745983925295767847e+00,5.317937901455819016e+00,2.000000000000000000e+00
4.156383287132658921e-02,1.452667211264187630e+00,0.000000000000000000e+00
9.098388217345464213e+00,6.438542729893345751e+00,2.000000000000000000e+00
-2.413477513678849107e+00,2.941194373675600104e+00,0.000000000000000000e+00
3.089077275228166997e-01,1.632884988840010543e+00,0.000000000000000000e+00
-7.131770676181659496e+00,9.613754406029485722e+00,1.000000000000000000e+00
-6.475060776730595435e+00,9.111898101879518208e+00,1.000000000000000000e+00
-8.969633904025087645e+00,7.880358596977827368e+00,1.000000000000000000e+00
-7.450956444827561143e+00,8.870207273033170026e+00,1.000000000000000000e+00
-6.669659704345937357e+00,7.789477407411264487e+00,1.000000000000000000e+00
-9.223497490194845216e-01,1.295297968749445250e+00,0.000000000000000000e+00
7.787095335062307555e+00,6.549419371110855259e+00,2.000000000000000000e+00
9.150384535352449333e+00,5.989368381970139765e+00,2.000000000000000000e+00
-4.503430322897342686e-01,2.016304331710495834e+00,0.000000000000000000e+00
-6.000495943108759889e+00,7.650188679754638343e+00,1.000000000000000000e+00
9.600487730444148937e+00,5.210124151429724293e+00,2.000000000000000000e+00
-7.923221346802630016e+00,7.008335237139544205e+00,1.000000000000000000e+00
3.535271634283230213e+00,7.508816844987363126e+00,3.000000000000000000e+00
-4.540071650536114944e-02,7.204678975577176736e-01,0.000000000000000000e+00
1.016619677713206116e+01,6.055154014330473622e+00,2.000000000000000000e+00
7.868699851356024233e+00,6.188409672529859407e+00,2.000000000000000000e+00
9.597459469622137362e+00,7.018786663711993334e+00,2.000000000000000000e+00
9.802344447686326845e+00,6.646754805661123200e+00,2.000000000000000000e+00
-7.534704462439964168e+00,9.479291264271470396e+00,1.000000000000000000e+00
1.040973314094151903e+01,5.535778039995332023e+00,2.000000000000000000e+00
8.159833759483900550e+00,6.092550130434293720e+00,2.000000000000000000e+00
-6.862807677642536186e-01,1.154041893872691293e+00,0.000000000000000000e+00
-1.106818416806693017e-01,3.922765208381198132e-01,0.000000000000000000e+00
-6.836666170616371829e+00,9.873371269796820116e+00,1.000000000000000000e+00
-7.427364583964108036e+00,8.887733016759973736e+00,1.000000000000000000e+00
4.269301242947740604e+00,7.399559728998885255e+00,3.000000000000000000e+00
3.640812319442711775e+00,6.835995146781428389e+00,3.000000000000000000e+00
2.985078968934697485e+00,7.806610439970952164e+00,3.000000000000000000e+00
-9.271861103106001423e+00,7.294761863803041813e+00,1.000000000000000000e+00
-1.484490657725504370e+00,1.664429477731972362e+00,0.000000000000000000e+00
-6.216363489094244521e+00,9.229318735725135170e+00,1.000000000000000000e+00
2.896206948378230894e+00,7.655470093294886702e+00,3.000000000000000000e+00
-9.926873832982625601e+00,8.435139085813442961e+00,1.000000000000000000e+00
9.324988555187442074e+00,4.137008897450829004e+00,2.000000000000000000e+00
-6.545599140546990213e+00,9.065596231492900614e+00,1.000000000000000000e+00
-6.796331684256275985e+00,8.664566371775094922e+00,1.000000000000000000e+00
3.682483137670123252e+00,8.346656194331432133e+00,3.000000000000000000e+00
9.677491324631672498e+00,5.174136499208525919e+00,2.000000000000000000e+00
9.100130446217207236e+00,6.870896771836298100e+00,2.000000000000000000e+00
9.545337382394535553e+00,5.196452608471159529e+00,2.000000000000000000e+00
-8.728521327657524864e+00,9.129192863269715019e+00,1.000000000000000000e+00
-9.227317843366853456e-01,3.080427618152469238e-01,0.000000000000000000e+00
1.397991146749231195e+00,6.344002477464344203e+00,3.000000000000000000e+00
-6.736846540063344158e+00,9.362709647680762970e+00,1.000000000000000000e+00
-1.191684655858202602e+00,2.011506147279485957e-01,0.000000000000000000e+00
3.173346291532757046e+00,7.359797554843721556e+00,3.000000000000000000e+00
8.862900502871621455e+00,4.094650816023639450e+00,2.000000000000000000e+00
-6.420603626285583232e+00,1.037555154936585033e+01,1.000000000000000000e+00
7.767029958881428442e+00,4.777602545785151200e+00,2.000000000000000000e+00
-1.480495063048145044e+00,-2.774811925536899704e-01,0.000000000000000000e+00
-5.985268131613144860e+00,7.899166371907752726e+00,1.000000000000000000e+00
8.655347744020804868e+00,5.505271753121517619e+00,2.000000000000000000e+00
-9.994158030936551862e-01,3.460557359381706277e+00,0.000000000000000000e+00
-7.261525354531549681e+00,8.410934408300644094e+00,1.000000000000000000e+00
-7.424397121076125039e+00,7.876725099239171968e+00,1.000000000000000000e+00
-7.727199690444388480e+00,8.706183794045003310e+00,1.000000000000000000e+00
-7.647105005691736679e-01,1.853286996968043887e+00,0.000000000000000000e+00
-5.292136862872971470e-01,5.904912357074406648e-01,0.000000000000000000e+00
-1.448045902150088882e+00,5.689902727367364133e-01,0.000000000000000000e+00
-1.822136841600334733e+00,1.754768872573816640e+00,0.000000000000000000e+00
-9.451242292005483936e-01,6.827243635504702812e-01,0.000000000000000000e+00
3.859466990174525325e+00,7.677241309668429103e+00,3.000000000000000000e+00
3.013777650712963663e+00,7.722714753279638522e+00,3.000000000000000000e+00
1.931977523458055401e+00,7.840976989409581321e+00,3.000000000000000000e+00
2.830243626600170259e+00,9.293138625521518037e+00,3.000000000000000000e+00
9.301911219936375375e+00,4.477084766356966838e+00,2.000000000000000000e+00
9.700225846380282846e+00,5.869294600018436725e+00,2.000000000000000000e+00
3.006741757464387543e+00,7.698461344999184774e+00,3.000000000000000000e+00
9.623760504815969341e+00,3.816054322331566162e+00,2.000000000000000000e+00
1.838698640080504321e+00,5.762601100112945574e+00,3.000000000000000000e+00
-5.593854582098965800e+00,8.088090744645777264e+00,1.000000000000000000e+00
-6.637026831304497776e+00,6.899630208636100548e+00,1.000000000000000000e+00
2.761392876800027540e+00,8.311394477716424589e+00,3.000000000000000000e+00
1.049382706877835325e+01,5.142197817448121988e+00,2.000000000000000000e+00
-8.203000073142202808e+00,7.823344399413588057e+00,1.000000000000000000e+00
7.992964978799150799e+00,7.017804609737116728e+00,2.000000000000000000e+00
9.263893368648599136e+00,5.411906240079659369e+00,2.000000000000000000e+00
9.620150987241853358e+00,4.830835424691413138e+00,2.000000000000000000e+00
7.470747821728207505e+00,5.044831616713123523e+00,2.000000000000000000e+00
-7.783174084066308396e+00,8.051245214571673969e+00,1.000000000000000000e+00
-7.899563205441261005e+00,9.509103324876253538e+00,1.000000000000000000e+00
8.934868530496503425e+00,5.586272952317036022e+00,2.000000000000000000e+00
-7.611552876972214055e-01,1.070203456538698195e+00,0.000000000000000000e+00
8.480339463332908778e+00,4.935162716308438391e+00,2.000000000000000000e+00
-1.056239391818212914e+00,2.105882112051393751e+00,0.000000000000000000e+00
-8.219588941746458488e+00,8.908656087854089023e+00,1.000000000000000000e+00
-8.866408648745903065e+00,8.417955896595312737e+00,1.000000000000000000e+00
1.120486565204776852e+00,1.289542337798574856e-01,0.000000000000000000e+00
7.343736996476081025e+00,4.584197846323868397e+00,2.000000000000000000e+00
1.537261471810276392e+00,7.057846479059577405e+00,3.000000000000000000e+00
8.906656490901017520e+00,6.404527445615339154e+00,2.000000000000000000e+00
1.118783488742391974e-01,-2.733730928047444220e-01,0.000000000000000000e+00
8.652057603985261025e+00,5.798474621839137200e+00,2.000000000000000000e+00
2.003792032753039187e+00,8.199293913641817255e+00,3.000000000000000000e+00
8.794430603400876123e+00,5.758483056835910219e+00,2.000000000000000000e+00
-6.733092154629642501e+00,8.314805952216307361e+00,1.000000000000000000e+00
2.070839182637763898e+00,6.997927274453943802e+00,3.000000000000000000e+00
3.238798113406700985e+00,8.294260825155664207e+00,3.000000000000000000e+00
8.970554383941371057e+00,5.266595666707628354e+00,2.000000000000000000e+00
-7.230439403808586185e+00,8.773160937913415225e+00,1.000000000000000000e+00
3.364557324370989200e+00,7.725044158192432953e+00,3.000000000000000000e+00
-4.912429196162950706e-01,1.164830617808386704e+00,0.000000000000000000e+00
-6.297222755427368313e+00,9.899554330191477902e+00,1.000000000000000000e+00
7.903094462634363104e+00,5.689175424451135221e+00,2.000000000000000000e+00
-1.586682747478290523e+00,-2.547828176106783360e-01,0.000000000000000000e+00
-5.467448254185233836e+00,9.622464221023705022e+00,1.000000000000000000e+00
-7.491351262619373452e-01,-1.079367559388071385e-01,0.000000000000000000e+00
2.371681653003474111e+00,9.171116685945680302e+00,3.000000000000000000e+00
-9.753731948855884903e-01,2.486276933795227961e+00,0.000000000000000000e+00
-1.649538159451852781e+00,2.129261335433952240e+00,0.000000000000000000e+00
8.452378863950558596e+00,7.109768199866541849e+00,2.000000000000000000e+00
9.216526186333839021e+00,5.117656152848633511e+00,2.000000000000000000e+00
-2.276796201663104924e+00,1.497326463839119493e+00,0.000000000000000000e+00
1.062237355638341540e+01,5.023734852753507951e+00,2.000000000000000000e+00
3.095254529104776609e+00,7.246884409921105608e+00,3.000000000000000000e+00
4.003753595310511670e+00,8.858941221625910245e+00,3.000000000000000000e+00
-7.095679265050453211e+00,8.038791543062808742e+00,1.000000000000000000e+00
-8.713919921981005956e-02,5.860930142012499289e-02,0.000000000000000000e+00
-6.933701797174711245e+00,9.075498921970584831e+00,1.000000000000000000e+00
-1.904225580978660126e+00,9.379074519442937019e-01,0.000000000000000000e+00
-6.350454747154138602e+00,7.988849456768354784e+00,1.000000000000000000e+00
-3.806197933342714279e-02,1.264047490724539591e+00,0.000000000000000000e+00
-2.214788735584007906e+00,1.373094792055433055e+00,0.000000000000000000e+00
1.000847106550168952e+00,1.726308420391628129e+00,0.000000000000000000e+00
8.312528599974305266e+00,6.836395079178372747e+00,2.000000000000000000e+00
-6.519136903442570130e+00,8.080493063089893013e+00,1.000000000000000000e+00
-7.255085160801999500e+00,7.109546090006439556e+00,1.000000000000000000e+00
2.795417222774096100e+00,7.501141554710875958e+00,3.000000000000000000e+00
9.776122333856363866e+00,6.367574226870445386e+00,2.000000000000000000e+00
2.586095474781914483e+00,7.919739560736704931e+00,3.000000000000000000e+00
3.662651408747141790e+00,8.107903495902361257e+00,3.000000000000000000e+00
8.939127244649238690e+00,4.791126991485933573e+00,2.000000000000000000e+00
4.081780711276932649e+00,7.243256719039105285e+00,3.000000000000000000e+00
-3.789332609584610267e-01,1.649020838471881412e+00,0.000000000000000000e+00
-1.571544862491426331e+00,-2.468449459274335567e-01,0.000000000000000000e+00
-1.027456543181253901e+00,2.435471056709542559e+00,0.000000000000000000e+00
-3.687788347885897489e-01,-7.209597924695989590e-01,0.000000000000000000e+00
9.364266428104309981e+00,6.340113413452621138e+00,2.000000000000000000e+00
9.222057603298139838e+00,4.851341928347633115e+00,2.000000000000000000e+00
-5.975926918505689578e+00,7.933805735466378017e+00,1.000000000000000000e+00
-1.532546523417740447e+00,5.430109160038871785e-01,0.000000000000000000e+00
-7.352139638465353677e+00,9.835455592498862032e+00,1.000000000000000000e+00
-8.019022320392320324e+00,7.765546825501223438e+00,1.000000000000000000e+00
-6.470897162278554937e+00,8.447564820859975399e+00,1.000000000000000000e+00
3.457688346521327727e+00,9.576538277519809128e+00,3.000000000000000000e+00
-1.568055050427549668e+00,1.818606697753399448e+00,0.000000000000000000e+00
3.019037890302338045e+00,8.231154389396589721e+00,3.000000000000000000e+00
-6.722343291902573625e+00,8.525095995681660099e+00,1.000000000000000000e+00
2.420709189551203622e+00,6.232913216720674221e+00,3.000000000000000000e+00
3.002851000804694248e+00,7.787957725559071953e+00,3.000000000000000000e+00
-4.129302947187944994e-01,2.051916065548814228e+00,0.000000000000000000e+00
-7.472630104541462259e+00,8.084324422078212891e+00,1.000000000000000000e+00
-7.633315800198777978e+00,8.108057354830604524e+00,1.000000000000000000e+00
2.931996776712561648e+00,7.562740112072591003e+00,3.000000000000000000e+00
-2.102195604404593965e+00,1.081027046985195250e+00,0.000000000000000000e+00
2.965359411323022165e+00,7.790641135031830089e+00,3.000000000000000000e+00
3.374869247408973649e+00,6.359879466080769816e+00,3.000000000000000000e+00
-7.837073497768905384e+00,8.683557829006302242e+00,1.000000000000000000e+00
9.872248258995295345e+00,5.515579513746569518e+00,2.000000000000000000e+00
9.864126471321480238e+00,7.555781835066378349e+00,2.000000000000000000e+00
7.547960666137070618e+00,6.521319418129050582e+00,2.000000000000000000e+00
-7.142827093596482158e+00,8.016539966249133897e+00,1.000000000000000000e+00
7.673392546877110476e+00,5.062851985178984826e+00,2.000000000000000000e+00
2.093868299803757438e+00,7.095404607159059296e+00,3.000000000000000000e+00
-7.288018191234643117e-01,1.054979852247771577e+00,0.000000000000000000e+00
9.014064052674509497e+00,7.067955268366469923e+00,2.000000000000000000e+00
3.866915805437239229e+00,7.120538515145059755e+00,3.000000000000000000e+00
-5.890734299433588284e+00,8.209200289007277718e+00,1.000000000000000000e+00
-7.395373422533030094e+00,7.868274350113012794e+00,1.000000000000000000e+00
9.339511336978048917e+00,6.547647140755890049e+00,2.000000000000000000e+00
3.344840029373693735e+00,7.768962654888926345e+00,3.000000000000000000e+00
-6.519319303865056536e-01,-6.793907488593542432e-01,0.000000000000000000e+00
-1.311821377010312428e+00,-7.706818707525942003e-02,0.000000000000000000e+00
-1.206802982694166193e+00,-1.296718708889523786e-01,0.000000000000000000e+00
9.785571335023995232e+00,6.568442687153289050e+00,2.000000000000000000e+00
2.206280305610901937e+00,5.234922035371667448e+00,3.000000000000000000e+00
3.377414622711654157e+00,6.876821779586983929e+00,3.000000000000000000e+00
1.701499866188978638e+00,7.009205676613857960e+00,3.000000000000000000e+00
3.159909082972877314e+00,7.203796948274340473e+00,3.000000000000000000e+00
3.766687324769018907e+00,7.869963399459559916e+00,3.000000000000000000e+00
9.369585387927548581e+00,6.694518818722049680e+00,2.000000000000000000e+00
-5.918259677757535364e+00,7.208197739668350756e+00,1.000000000000000000e+00
-9.570228584283482220e-01,1.645886545085994079e+00,0.000000000000000000e+00
8.751618178705376394e+00,5.342074947167114729e+00,2.000000000000000000e+00
-6.614546792042902190e+00,7.763134328614831325e+00,1.000000000000000000e+00
8.572983504701799262e+00,5.223624100188181352e+00,2.000000000000000000e+00
7.966609262442503336e+00,6.701610976587769386e+00,2.000000000000000000e+00
-1.613051124619624854e+00,1.847097397510935712e+00,0.000000000000000000e+00
-1.064531300651906154e+00,-1.326938952389795645e-01,0.000000000000000000e+00
2.072471256577859577e+00,7.737606403277746736e+00,3.000000000000000000e+00
5.037757866236993287e+00,7.129818767895174325e+00,3.000000000000000000e+00
3.260700558540814420e+00,8.754062378445238934e+00,3.000000000000000000e+00
-7.997161149060219021e-01,1.459479324688325974e+00,0.000000000000000000e+00
1.029575781202767715e+00,1.244510666404396337e+00,0.000000000000000000e+00
1.838250272000079510e+00,7.353725627752535132e+00,3.000000000000000000e+00
8.640705726573045808e+00,6.133170430721111011e+00,2.000000000000000000e+00
-1.333234634526805795e+00,3.594985261473775395e-01,0.000000000000000000e+00
-1.793959475307971285e-01,2.354269561201958183e+00,0.000000000000000000e+00
2.855886194644447595e+00,8.178323305564234147e+00,3.000000000000000000e+00
-9.795589258074666184e-03,2.243929572064870648e+00,0.000000000000000000e+00
-1.947515400731348878e-01,3.595149007729880886e-02,0.000000000000000000e+00
3.912197976731027982e+00,6.668111361905046053e+00,3.000000000000000000e+00
-1.065738727321003498e+00,1.098568456589941622e+00,0.000000000000000000e+00
-8.792851501438994077e+00,6.923324775237745143e+00,1.000000000000000000e+00
9.600730538172429718e+00,7.442755566451277005e+00,2.000000000000000000e+00
-8.190183976774044083e+00,7.822764255955914514e+00,1.000000000000000000e+00
-8.116242801302981036e+00,6.984522102596393722e+00,1.000000000000000000e+00
9.555306349484345319e+00,4.602720473400149892e+00,2.000000000000000000e+00
-6.861838082418248774e+00,8.286242090277104566e+00,1.000000000000000000e+00
-6.014576475026149005e+00,8.654319070831329341e+00,1.000000000000000000e+00
-6.137460961520373459e+00,1.033923960302429279e+01,1.000000000000000000e+00
8.163734219806844550e+00,6.880849694460717814e+00,2.000000000000000000e+00
-7.003799357663603509e+00,7.058350544440562757e+00,1.000000000000000000e+00
2.697454259621599792e+00,6.765283580220019743e+00,3.000000000000000000e+00
8.775689750868796324e+00,5.207786321838804966e+00,2.000000000000000000e+00
4.436521150221746090e-01,1.538113644422767212e+00,0.000000000000000000e+00
-7.031141866916424954e-01,2.001769393299302813e+00,0.000000000000000000e+00
-6.867289460355516795e-01,1.140251234735476071e+00,0.000000000000000000e+00
1.120595923407160832e+01,3.948494186868877875e+00,2.000000000000000000e+00
3.343219486853279410e+00,7.748540056539711784e+00,3.000000000000000000e+00
4.187379450418900362e+00,6.683813257403135033e+00,3.000000000000000000e+00
