-7.990296595418715508e-01,-1.641994267941039087e+00,0.000000000000000000e+00
2.847424531311710805e-01,2.732570840004833745e-01,0.000000000000000000e+00
1.817163314907306940e-03,6.437402140699651637e-03,0.000000000000000000e+00
9.005088188230355728e-01,-1.698551153475084674e-01,0.000000000000000000e+00
-4.508577489609126854e-01,-1.568598299779336402e+00,0.000000000000000000e+00
-4.841025693622933584e-02,-1.584544949948590631e+00,0.000000000000000000e+00
7.297188858808324463e-01,-9.492608185652536834e-01,0.000000000000000000e+00
7.492863194623319290e-01,-5.504857988820472947e-01,0.000000000000000000e+00
5.927096206682816448e-02,2.540470096505436093e-01,0.000000000000000000e+00
-1.357758564030103088e+00,-1.468499806538261732e+00,0.000000000000000000e+00
7.202394777513455582e-01,-2.886286989897468014e-01,0.000000000000000000e+00
1.828987568124975926e-01,2.557022257451715408e-01,0.000000000000000000e+00
1.417656153150145815e-01,2.502616459401250104e-01,0.000000000000000000e+00
6.339431847681638033e-01,1.667944969385268261e-01,0.000000000000000000e+00
3.816498477672468637e-01,-1.296150183831739522e+00,0.000000000000000000e+00
3.565782101397918513e-01,-1.310203987201664644e+00,0.000000000000000000e+00
9.414251461644439489e-01,-1.260991529735234762e-01,0.000000000000000000e+00
-3.004540319006088027e-03,1.303616710570957085e-02,0.000000000000000000e+00
-8.457452585115821098e-02,-1.549533114955995883e+00,0.000000000000000000e+00
-1.132374241618935073e+00,-1.449606716492088943e+00,0.000000000000000000e+00
4.741309792222648811e-01,1.833873722143033458e-01,0.000000000000000000e+00
4.093003403071706625e-01,3.235505395626429026e-01,0.000000000000000000e+00
5.192938269933790041e-01,1.545564124431378361e-01,0.000000000000000000e+00
4.929867310473008413e-01,1.902638514408283577e-01,0.000000000000000000e+00
4.899251719135332972e-01,2.885063764496020866e-01,0.000000000000000000e+00
8.555495975098266204e-01,3.303881685455970635e-02,0.000000000000000000e+00
8.524087644294384702e-01,-1.031061807889834148e+00,0.000000000000000000e+00
4.294744094999732309e-01,-1.616150065345955067e+00,0.000000000000000000e+00
3.681166921679667747e-01,-1.651785526753125843e+00,0.000000000000000000e+00
2.089268673077669114e-01,2.780873080247434626e-01,0.000000000000000000e+00
8.563872847475531014e-01,-1.056231440142752220e-01,0.000000000000000000e+00
-1.209525399333651219e+00,-1.421206580003144815e+00,0.000000000000000000e+00
4.761686715490450750e-01,2.854691063382075455e-01,0.000000000000000000e+00
8.756066278685529225e-01,-8.649311721986585599e-01,0.000000000000000000e+00
8.683948051718490269e-02,2.245992724666247276e-01,0.000000000000000000e+00
8.221175695956660368e-02,1.608051984162870984e-01,0.000000000000000000e+00
5.760019425937021875e-01,-1.273815944252499222e+00,0.000000000000000000e+00
3.259474828938144914e-02,-1.571568378960567669e+00,0.000000000000000000e+00
-1.036370251766918216e+00,-1.527815671120444252e+00,0.000000000000000000e+00
3.830126963235422899e-01,-1.462380030767297168e+00,0.000000000000000000e+00
8.800346452479534953e-01,-8.216977774030427284e-01,0.000000000000000000e+00
-1.549974971258075152e-01,-1.530633751493210237e+00,0.000000000000000000e+00
-1.448388634544458542e+00,-1.349927955430776816e+00,0.000000000000000000e+00
7.753252301292238302e-01,1.065230399278167817e-01,0.000000000000000000e+00
-8.397420563099917690e-01,-1.681583899136749993e+00,0.000000000000000000e+00
9.553231179402210671e-01,-6.043513366085518923e-01,0.000000000000000000e+00
8.830499525608073164e-01,-3.847046118606620713e-01,0.000000000000000000e+00
8.221926766044563850e-01,-3.892961174402547742e-01,0.000000000000000000e+00
6.447577049659046766e-01,-1.110704742777505638e+00,0.000000000000000000e+00
2.266142238154921981e-02,7.700221352506465833e-02,0.000000000000000000e+00
6.036731157048061958e-01,-1.110772670513272553e+00,0.000000000000000000e+00
6.915882687425664588e-02,2.722909259023899020e-01,0.000000000000000000e+00
1.082797211144641336e+00,-2.745290867875770924e-01,0.000000000000000000e+00
7.125005302255712492e-01,-2.523024264870984412e-01,0.000000000000000000e+00
9.941830168228835696e-01,-6.429070043213005459e-01,0.000000000000000000e+00
-1.144738845294244634e+00,-1.532745355821000466e+00,0.000000000000000000e+00
8.102915584588629150e-01,-3.155491365652796087e-01,0.000000000000000000e+00
1.059554726641041833e-01,2.310437539709937482e-01,0.000000000000000000e+00
7.989460948262944173e-02,1.767627387916382575e-01,0.000000000000000000e+00
-5.415709819431871463e-02,-1.517428521647403050e+00,0.000000000000000000e+00
-7.355707098346525585e-01,-1.561139792250627600e+00,0.000000000000000000e+00
-5.878554094698689170e-01,-1.515391001683564776e+00,0.000000000000000000e+00
3.045814424970134104e-01,3.467677844981111313e-01,0.000000000000000000e+00
2.917807131397670561e-01,2.755649455981560858e-01,0.000000000000000000e+00
8.918085179634435145e-01,-5.417789661801377665e-01,0.000000000000000000e+00
9.359650805543052732e-01,3.028288513184347261e-02,0.000000000000000000e+00
6.408645385672681050e-01,-1.339540461900346813e+00,0.000000000000000000e+00
7.679993666612878744e-01,-9.098295176506505655e-01,0.000000000000000000e+00
6.328013269830300436e-01,-1.155838933152990355e+00,0.000000000000000000e+00
8.371763148196805782e-01,-5.283650237172299313e-01,0.000000000000000000e+00
-8.184652645846438590e-01,-1.526914556578272020e+00,0.000000000000000000e+00
2.803998259497983980e-01,3.997590212420454869e-01,0.000000000000000000e+00
3.887322743245577028e-01,3.171155248335131849e-01,0.000000000000000000e+00
9.685546093822720026e-01,-4.393520863726255166e-01,0.000000000000000000e+00
5.424655561950545435e-01,-1.446796873496748903e+00,0.000000000000000000e+00
1.460373173194583034e-02,7.211477455023354577e-02,0.000000000000000000e+00
1.049895728960459629e-01,1.550970566744039325e-01,0.000000000000000000e+00
7.523333496658971553e-01,2.387159929014148196e-01,0.000000000000000000e+00
-1.832826843086538260e-01,-1.514030211503718748e+00,0.000000000000000000e+00
5.688034166655461799e-02,1.643483295435869684e-01,0.000000000000000000e+00
3.517473391567787350e-02,9.396669400186627441e-02,0.000000000000000000e+00
3.126992542154322097e-01,2.923753507354995840e-01,0.000000000000000000e+00
3.638674489834561876e-01,3.051983865014986086e-01,0.000000000000000000e+00
1.494847663973794538e-01,-1.571501664574616708e+00,0.000000000000000000e+00
-4.198429495380057164e-01,-1.611767609696907577e+00,0.000000000000000000e+00
5.163000338646770437e-01,2.684924674490115626e-01,0.000000000000000000e+00
1.005355621567844526e+00,-3.860354747836011180e-01,0.000000000000000000e+00
8.133431427250376045e-01,-3.766488990131075520e-01,0.000000000000000000e+00
1.369905489683042044e-01,1.815367897303910016e-01,0.000000000000000000e+00
9.120447696310499675e-01,-8.164231988465319168e-01,0.000000000000000000e+00
9.385119979980951488e-01,-8.668543589966525298e-01,0.000000000000000000e+00
-5.365519852920449563e-03,1.269769892769103958e-01,0.000000000000000000e+00
7.549110894335784305e-01,-1.294254735757796260e+00,0.000000000000000000e+00
-5.538464241891668527e-01,-1.676785173847965993e+00,0.000000000000000000e+00
6.785633342555477121e-01,-1.002672409233896555e+00,0.000000000000000000e+00
3.459105343599121474e-01,2.743046682437387807e-01,0.000000000000000000e+00
-7.532885325451837977e-01,-1.729345943569772892e+00,0.000000000000000000e+00
-6.408858927616383205e-01,-1.738473971238289728e+00,0.000000000000000000e+00
-1.175587809651311044e+00,-1.388597263378932523e+00,0.000000000000000000e+00
1.978137743183621677e-01,2.613346554146018796e-01,0.000000000000000000e+00
1.716751407352343495e-01,-1.602872745718949998e+00,0.000000000000000000e+00
6.620486479045634143e-01,-1.449733116961474458e-02,0.000000000000000000e+00
1.126674976890672947e-01,1.819947177547537875e-01,0.000000000000000000e+00
8.899885779693145205e-01,-1.527987290070339232e-01,0.000000000000000000e+00
1.075373383894585172e-01,2.522843782763461995e-01,0.000000000000000000e+00
5.544846073334578351e-01,2.344330902127703953e-01,0.000000000000000000e+00
2.541080231446706666e-02,-1.651978489589720489e+00,0.000000000000000000e+00
2.996607055158344024e-01,2.866924993928960386e-01,0.000000000000000000e+00
7.287733179988786780e-01,1.013430800097892132e-01,0.000000000000000000e+00
1.993710151111506845e-01,2.255087841363642431e-01,0.000000000000000000e+00
-1.237049849269818563e-01,-1.553611257001012103e+00,0.000000000000000000e+00
-1.708330667961767357e+00,-1.027080921002491820e+00,0.000000000000000000e+00
-5.058516586952293004e-01,-1.698863478703341867e+00,0.000000000000000000e+00
-7.877507093693663087e-01,-1.550491370203396446e+00,0.000000000000000000e+00
2.879623265824797496e-03,1.985920011868768514e-02,0.000000000000000000e+00
7.129641983148554685e-01,-2.072463591635892166e-01,0.000000000000000000e+00
-3.342662904037234095e-01,-1.529108082884045761e+00,0.000000000000000000e+00
8.362414366841652846e-01,-4.913304598841529702e-01,0.000000000000000000e+00
8.160022152468110468e-01,9.149791225965519734e-03,0.000000000000000000e+00
-1.612324747505155420e+00,-1.054280957335597568e+00,0.000000000000000000e+00
7.145340038645475733e-01,4.116959124458100666e-02,0.000000000000000000e+00
6.688824103681806355e-01,-1.111986890885565238e+00,0.000000000000000000e+00
6.869975595739824525e-01,-1.209860380961028659e+00,0.000000000000000000e+00
-1.308810126503928251e+00,-1.367617058191860746e+00,0.000000000000000000e+00
2.708340237353563662e-01,2.287571908867256643e-01,0.000000000000000000e+00
1.786918424156666574e-01,2.827097407933055195e-01,0.000000000000000000e+00
-8.231504383167422834e-01,-1.584945458763551196e+00,0.000000000000000000e+00
-1.660843127132608954e+00,-1.065501089322054895e+00,0.000000000000000000e+00
6.889385236296969861e-01,5.832354602716356522e-03,0.000000000000000000e+00
1.772309307819489727e-02,6.449895235703116680e-02,0.000000000000000000e+00
-1.017222774412622543e+00,-1.643828921047323144e+00,0.000000000000000000e+00
2.340562083452706610e-01,-1.310364336890848191e+00,0.000000000000000000e+00
9.436562542400678266e-01,-7.691257775782227579e-01,0.000000000000000000e+00
-2.852079121811578188e-01,-1.654527607992157145e+00,0.000000000000000000e+00
7.418484845197987898e-01,-6.755449465310127133e-01,0.000000000000000000e+00
5.476247376977690928e-01,-1.264432034340542854e+00,0.000000000000000000e+00
7.420135510832956416e-02,2.570636594983712886e-01,0.000000000000000000e+00
3.627476600306828169e-01,3.367826899321825773e-01,0.000000000000000000e+00
-0.000000000000000000e+00,0.000000000000000000e+00,0.000000000000000000e+00
1.826882345626259230e-01,2.475874899210554481e-01,0.000000000000000000e+00
4.785379106033537666e-01,2.944531113250348220e-01,0.000000000000000000e+00
-5.756256869670396681e-02,-1.811794850001603452e+00,0.000000000000000000e+00
-1.057417523716617791e-01,-1.601864870284388953e+00,0.000000000000000000e+00
5.741561653103769425e-01,-9.659965654444896410e-01,0.000000000000000000e+00
8.473141667478983896e-01,-6.087784238938879350e-02,0.000000000000000000e+00
7.666077998271714211e-01,-8.668348447200314721e-01,0.000000000000000000e+00
3.877637957331511731e-01,-1.391809134617156829e+00,0.000000000000000000e+00
9.972015732738016558e-01,-4.571389383797863637e-01,0.000000000000000000e+00
5.592688290125883421e-01,1.835815812830523530e-01,0.000000000000000000e+00
9.008188601097502080e-01,-6.939566229793536767e-01,0.000000000000000000e+00
3.044174086846064900e-02,1.026026851229275283e-01,0.000000000000000000e+00
-1.352160772445703651e+00,-1.400170677225440086e+00,0.000000000000000000e+00
3.962449094624721085e-03,2.646081364052469201e-02,0.000000000000000000e+00
8.468644399455647065e-01,-7.688485765704854424e-01,0.000000000000000000e+00
8.585022353936897499e-01,-6.936000950354677119e-01,0.000000000000000000e+00
8.638441954694949798e-01,-1.826521315493774833e-01,0.000000000000000000e+00
2.284776419257583679e-02,1.453726880370554975e-01,0.000000000000000000e+00
-1.582895729826956643e-01,-1.738628707198487167e+00,0.000000000000000000e+00
6.632243900090637467e-01,-1.321131563087044603e+00,0.000000000000000000e+00
8.172499653849031320e-01,-1.766347067018430861e-01,0.000000000000000000e+00
4.939717966017494466e-01,-1.279173182534846021e+00,0.000000000000000000e+00
4.321897812864382571e-01,2.124987228848854715e-01,0.000000000000000000e+00
5.440350793231900628e-01,-1.352906321804645318e+00,0.000000000000000000e+00
7.440660701718356806e-01,-1.095645938445558576e+00,0.000000000000000000e+00
2.017240271935694454e-02,4.225450723177847506e-02,0.000000000000000000e+00
1.347756550586301852e-02,1.398201635812454102e-01,0.000000000000000000e+00
-1.546282757467161595e+00,-1.204194850155457353e+00,0.000000000000000000e+00
5.100745795769194846e-01,-1.315975947042233196e+00,0.000000000000000000e+00
-2.399615943838510727e-03,5.345787583421507394e-02,0.000000000000000000e+00
6.719037328109402907e-01,-1.125772106923349947e+00,0.000000000000000000e+00
8.762200583981283319e-01,-7.732934971579090086e-03,0.000000000000000000e+00
6.137339565572693667e-01,-1.074538697496110640e+00,0.000000000000000000e+00
-1.054314921278323575e-01,-1.588478205877601468e+00,0.000000000000000000e+00
6.152534607951679613e-01,1.838683222170287568e-01,0.000000000000000000e+00
6.494615815107325218e-01,-1.092425793843063930e+00,0.000000000000000000e+00
6.180874406316770875e-01,1.475348466003899572e-01,0.000000000000000000e+00
7.948518594273483451e-02,3.317478596965161008e-01,0.000000000000000000e+00
-2.599805490735320190e-01,-1.624817169477722478e+00,0.000000000000000000e+00
-8.465535739203794430e-01,-1.670669861785498034e+00,0.000000000000000000e+00
4.557964042719561681e-02,1.114404707491200158e-01,0.000000000000000000e+00
-1.236889356829620645e+00,-1.441816190714733770e+00,0.000000000000000000e+00
7.517552032235265136e-01,-7.332907424472294711e-01,0.000000000000000000e+00
2.852054671423946419e-01,2.428363052262122734e-01,0.000000000000000000e+00
2.728393777295316514e-01,1.692476563914431520e-01,0.000000000000000000e+00
7.361524075624867880e-01,-1.019533701627083566e+00,0.000000000000000000e+00
4.861986144978771573e-01,-1.210344644586042628e+00,0.000000000000000000e+00
-6.615948422005127894e-01,-1.622830188548282759e+00,0.000000000000000000e+00
7.403882883438013263e-01,-2.922668044842626767e-01,0.000000000000000000e+00
-1.024587184222314429e+00,-1.551798799826911601e+00,0.000000000000000000e+00
8.158606529055170142e-01,-2.114214275120226694e-01,0.000000000000000000e+00
-1.777496550808499165e-01,-1.649312311944870046e+00,0.000000000000000000e+00
9.173304503711139368e-01,-4.384396193384607066e-01,0.000000000000000000e+00
7.482793458488020688e-01,3.639421755454740753e-02,0.000000000000000000e+00
8.039239775981069647e-01,-1.749611907663573274e-01,0.000000000000000000e+00
1.179574823125255773e-01,2.022257715730086947e-01,0.000000000000000000e+00
7.587870220483771133e-01,-1.263258940293573995e-01,0.000000000000000000e+00
-9.601541339076595794e-01,-1.497960340772642063e+00,0.000000000000000000e+00
7.305202320284861495e-01,-9.146425250567888909e-01,0.000000000000000000e+00
6.652774243652436192e-01,-1.051336338844752305e+00,0.000000000000000000e+00
-7.517041946431735067e-01,-1.634788434147456559e+00,0.000000000000000000e+00
1.782348081508150051e+00,1.134198734810876047e-01,1.000000000000000000e+00
-3.436142596561160834e-01,6.581779713924549302e-01,1.000000000000000000e+00
-4.024352155586496393e-01,2.393382931448645445e-01,1.000000000000000000e+00
1.059001621669356297e+00,1.215396625886686399e+00,1.000000000000000000e+00
-5.168776789755664680e-01,1.385197802310528525e-01,1.000000000000000000e+00
-8.919435203423452252e-02,-8.087551982801075012e-02,1.000000000000000000e+00
7.862915334592879280e-01,1.155911295088791091e+00,1.000000000000000000e+00
-3.786676567357468715e-01,7.902102218807047773e-01,1.000000000000000000e+00
-3.554161302478842654e-01,1.182835744448427207e-01,1.000000000000000000e+00
-1.121687256935430116e-01,-1.499869473729101566e-01,1.000000000000000000e+00
-2.718389246451927699e-01,1.248336833208737229e+00,1.000000000000000000e+00
-3.767776038721764587e-01,7.539006978316038499e-01,1.000000000000000000e+00
-1.536283665166577328e-01,-4.658163597258038052e-02,1.000000000000000000e+00
-3.210702053924716637e-01,1.358052655033265368e-04,1.000000000000000000e+00
-4.694053447765872966e-01,2.964588280579453228e-01,1.000000000000000000e+00
-4.516806725923191435e-01,8.809190373634344651e-01,1.000000000000000000e+00
1.951778254396207446e+00,-7.391241424348218847e-02,1.000000000000000000e+00
6.685071178620660692e-02,1.403090615006309161e+00,1.000000000000000000e+00
3.729767979410725798e-01,1.249884618521003299e+00,1.000000000000000000e+00
1.440827588785714042e+00,7.808124903986619625e-01,1.000000000000000000e+00
-6.599825148054703217e-01,4.329132412360062188e-01,1.000000000000000000e+00
5.477664242424425955e-01,1.161606417085405685e+00,1.000000000000000000e+00
4.033772724043258040e-02,1.109634951465726438e+00,1.000000000000000000e+00
4.345606611670325137e-01,1.065275142672049036e+00,1.000000000000000000e+00
-2.225026008500811253e-02,-1.485939391413945709e-02,1.000000000000000000e+00
7.990233274609004344e-01,1.267496665145350754e+00,1.000000000000000000e+00
-3.854096993171552410e-01,4.440970018218076687e-02,1.000000000000000000e+00
6.013406881954324046e-01,1.313728588866735381e+00,1.000000000000000000e+00
-1.581212616770163448e-01,-5.442021340457400824e-02,1.000000000000000000e+00
-5.454462070398241602e-01,5.979627142108088211e-01,1.000000000000000000e+00
1.652586484677827761e+00,6.410779441978288196e-01,1.000000000000000000e+00
3.001695904540027660e-02,1.176874786260483141e+00,1.000000000000000000e+00
-4.529643187862554821e-01,6.868249456288311183e-01,1.000000000000000000e+00
-4.781762124995398988e-01,9.888805416565890627e-02,1.000000000000000000e+00
-6.290137362129289977e-01,4.543051296733251476e-01,1.000000000000000000e+00
-1.381853010697115317e-02,-1.455088606202028546e-02,1.000000000000000000e+00
-2.321354509666067323e-01,-6.402390938986611546e-02,1.000000000000000000e+00
-2.010322113739773653e-01,9.966496400309455828e-01,1.000000000000000000e+00
-5.548354052605726228e-01,3.854518769007226342e-01,1.000000000000000000e+00
-4.498601922468161707e-01,1.145608443945810739e+00,1.000000000000000000e+00
8.630616374533105484e-01,1.091261837615603358e+00,1.000000000000000000e+00
7.791473732294326160e-01,1.200809927706072866e+00,1.000000000000000000e+00
1.145780439022516806e+00,8.691356127849086954e-01,1.000000000000000000e+00
1.892618332754324006e+00,3.682677855623946173e-02,1.000000000000000000e+00
6.328430917362480590e-02,1.376472418545875209e+00,1.000000000000000000e+00
-4.963804369612252465e-01,7.782528302032333256e-01,1.000000000000000000e+00
-4.273759680254386462e-01,2.992682779399820081e-01,1.000000000000000000e+00
1.608836588117957822e+00,5.864056118476963508e-01,1.000000000000000000e+00
-4.064564460026314774e-01,8.732514040111338804e-01,1.000000000000000000e+00
4.722892618037471957e-01,1.251651711359852204e+00,1.000000000000000000e+00
1.167844163822334913e+00,1.011746056006194161e+00,1.000000000000000000e+00
-1.939788459611546667e-01,6.494375115740962318e-04,1.000000000000000000e+00
1.966387142907092267e+00,-3.651323105528772039e-01,1.000000000000000000e+00
1.599968215070615596e+00,4.863034164971844486e-01,1.000000000000000000e+00
-2.444953653560325013e-01,1.131066834053619408e+00,1.000000000000000000e+00
1.627104402344682565e+00,4.652274597595680294e-01,1.000000000000000000e+00
7.072804966799648430e-01,1.343605823376035513e+00,1.000000000000000000e+00
-5.157091615409904461e-01,4.568526747256352882e-01,1.000000000000000000e+00
1.871380188668796851e+00,3.634882756157292727e-01,1.000000000000000000e+00
8.120848008524099715e-01,1.088255845033758051e+00,1.000000000000000000e+00
-1.404475557460099500e-01,1.054230890858637304e+00,1.000000000000000000e+00
1.807563527777881207e+00,1.364848740867510846e-01,1.000000000000000000e+00
-5.189133870601242426e-01,2.323607110859628455e-01,1.000000000000000000e+00
-1.064953259779157502e-01,-1.061866876753309215e-02,1.000000000000000000e+00
-5.197497229412453290e-01,6.549485102172308837e-01,1.000000000000000000e+00
-4.499089117387269909e-02,-2.897106067725210496e-02,1.000000000000000000e+00
-2.880899698478953108e-01,9.959599474943743314e-01,1.000000000000000000e+00
-3.214699443873687001e-01,8.510048997342135602e-01,1.000000000000000000e+00
-4.002447679321147755e-01,2.959982340882017296e-02,1.000000000000000000e+00
-5.975888573120559100e-01,3.561172625504335776e-01,1.000000000000000000e+00
-4.989836574266637848e-01,5.677401074471554177e-01,1.000000000000000000e+00
3.732686824479566901e-01,1.144691532653822952e+00,1.000000000000000000e+00
-2.467835833455867267e-01,-1.870759912535435721e-02,1.000000000000000000e+00
1.226749977905565725e+00,1.106690169220858833e+00,1.000000000000000000e+00
-5.174441262408021602e-01,6.136282844119522739e-01,1.000000000000000000e+00
-3.080323434200565175e-02,-2.572704786990029011e-02,1.000000000000000000e+00
1.042345284116119819e+00,1.203285136100878505e+00,1.000000000000000000e+00
-5.155219582926076072e-01,2.841142914561896049e-01,1.000000000000000000e+00
1.336124779628281356e+00,9.604120435466486638e-01,1.000000000000000000e+00
1.126193322599366775e+00,9.472130043999923421e-01,1.000000000000000000e+00
-1.997413160949109978e-01,-1.927206775074438369e-02,1.000000000000000000e+00
-6.404797125776301447e-01,3.194362466884800300e-01,1.000000000000000000e+00
-2.419386568098140233e-01,9.530480099227764956e-01,1.000000000000000000e+00
-1.702648266306911740e-01,-1.404783827241314620e-01,1.000000000000000000e+00
1.181532150349031474e+00,1.076894902451440705e+00,1.000000000000000000e+00
1.619136951847448991e+00,6.162377654642593461e-01,1.000000000000000000e+00
-3.775102739894254378e-01,-5.341811036076837826e-02,1.000000000000000000e+00
-5.682594251911033956e-01,1.774384971662448796e-01,1.000000000000000000e+00
-3.538572780370926041e-01,-2.158581884592611355e-02,1.000000000000000000e+00
-3.076738295082381835e-01,-3.372068912900455517e-03,1.000000000000000000e+00
-4.671481127149295642e-01,1.828870634540812889e-01,1.000000000000000000e+00
1.752276058405203951e+00,3.782782823827326446e-01,1.000000000000000000e+00
1.816392079594582931e+00,2.904322102782331272e-01,1.000000000000000000e+00
1.851649402398904298e+00,1.710348029280433779e-01,1.000000000000000000e+00
-3.611486912299926022e-01,6.321558604070246640e-03,1.000000000000000000e+00
-6.034516842070035691e-01,1.510682031868910424e-01,1.000000000000000000e+00
-4.495821673254931095e-01,1.726834939970783578e-01,1.000000000000000000e+00
1.039987725482168113e+00,1.257854867111127595e+00,1.000000000000000000e+00
1.961618983346034906e+00,-1.392488983197890939e-01,1.000000000000000000e+00
1.441340404934045027e+00,1.008619384769327887e+00,1.000000000000000000e+00
9.000713438591186888e-01,9.987504007965657404e-01,1.000000000000000000e+00
-3.677928506216542881e-01,8.582613520300725468e-03,1.000000000000000000e+00
-3.824117596348387826e-02,-2.701817302857841344e-02,1.000000000000000000e+00
2.788806037484267697e-01,1.226211623157430930e+00,1.000000000000000000e+00
-4.745567043370578775e-01,1.407280336835654289e-01,1.000000000000000000e+00
9.462411459962083438e-01,1.213050534375722522e+00,1.000000000000000000e+00
5.500697018792612969e-01,1.175305001893446333e+00,1.000000000000000000e+00
-1.169971357178866966e-01,-4.963481482720676768e-02,1.000000000000000000e+00
-5.582350794162108110e-02,-5.767683168488364071e-02,1.000000000000000000e+00
7.200697996296904213e-01,1.213865006327116580e+00,1.000000000000000000e+00
3.389656926536350201e-01,1.280303322817311518e+00,1.000000000000000000e+00
-1.232345977936270820e-01,-5.205886514605086168e-02,1.000000000000000000e+00
1.948556733586195522e+00,-3.510865669987599524e-01,1.000000000000000000e+00
1.908951065652993995e+00,-3.046662491934704620e-01,1.000000000000000000e+00
-2.074277993297386075e-02,1.096793838332161375e+00,1.000000000000000000e+00
6.238722410064130308e-01,1.273451278857085534e+00,1.000000000000000000e+00
-3.211044174777312743e-01,8.296609180401360861e-01,1.000000000000000000e+00
-3.370641814141210890e-01,-5.255734777553904696e-02,1.000000000000000000e+00
1.540559079368232664e+00,7.627956444825273463e-01,1.000000000000000000e+00
6.882492986302313209e-01,1.178263764229437127e+00,1.000000000000000000e+00
-1.087574404685186791e-01,1.078140469820898506e+00,1.000000000000000000e+00
1.834674526697732233e+00,-2.055563298832971397e-01,1.000000000000000000e+00
1.798399618906086683e+00,5.788982108175198815e-02,1.000000000000000000e+00
-5.499212333867014024e-01,7.162497871360637980e-01,1.000000000000000000e+00
1.090788111302323227e+00,1.205058159039644083e+00,1.000000000000000000e+00
5.472006360163063077e-01,1.094962997260413573e+00,1.000000000000000000e+00
1.060815315020428695e+00,9.510946574309645518e-01,1.000000000000000000e+00
-3.768725401888436966e-01,8.718654659194806644e-01,1.000000000000000000e+00
1.790561650838789154e+00,-6.735163875229139840e-01,1.000000000000000000e+00
-3.465070208694772669e-01,9.344811966191004515e-01,1.000000000000000000e+00
-5.307504085524130666e-01,1.383862366788421450e-01,1.000000000000000000e+00
-6.345164576265643896e-02,-2.116864505402508978e-02,1.000000000000000000e+00
-0.000000000000000000e+00,-0.000000000000000000e+00,1.000000000000000000e+00
2.004442985283290679e-01,1.180426972439136080e+00,1.000000000000000000e+00
-1.377339502747689792e-01,1.175907583990402960e+00,1.000000000000000000e+00
1.782507740029265264e+00,4.263023911343420957e-01,1.000000000000000000e+00
1.247263013780545826e+00,8.776189367649552819e-01,1.000000000000000000e+00
1.590679954392195006e+00,7.030732194316536843e-01,1.000000000000000000e+00
-4.401898349989807196e-02,1.122883340203292279e+00,1.000000000000000000e+00
5.077065515648484517e-01,1.252156524898522694e+00,1.000000000000000000e+00
-4.973573159059022086e-01,4.670480158454358710e-01,1.000000000000000000e+00
7.573888705171331059e-01,1.300552741546678215e+00,1.000000000000000000e+00
-6.163346735893349138e-01,8.420085813332903735e-01,1.000000000000000000e+00
-2.202707997269496565e-01,8.895210327897953295e-01,1.000000000000000000e+00
1.168818103402075259e+00,8.606573387416698306e-01,1.000000000000000000e+00
-5.279770639417932232e-01,2.447328134863176741e-01,1.000000000000000000e+00
-4.958899329122227750e-01,1.391756055990570062e-01,1.000000000000000000e+00
1.524389818052884094e+00,8.645931058634873656e-01,1.000000000000000000e+00
5.307964605903157246e-02,1.189451692821025253e+00,1.000000000000000000e+00
-5.899522074505089142e-01,2.700667029172515998e-01,1.000000000000000000e+00
-3.528754849565317597e-01,9.034291634402017435e-01,1.000000000000000000e+00
-4.346975841084455006e-01,8.598092490636550372e-03,1.000000000000000000e+00
2.266387990004416764e-01,1.107482574363680916e+00,1.000000000000000000e+00
-6.141502484423986274e-01,7.069421174941237229e-01,1.000000000000000000e+00
1.070109687087061667e+00,1.019862959465703600e+00,1.000000000000000000e+00
-4.369258145673773908e-01,6.319004166877291440e-02,1.000000000000000000e+00
1.987230631810952719e+00,1.555741153864156900e-01,1.000000000000000000e+00
1.502898263787705080e+00,7.632871730786868758e-01,1.000000000000000000e+00
1.809386039563746884e+00,1.906074969565623722e-01,1.000000000000000000e+00
-6.334830340214003819e-01,1.050886603891094812e-01,1.000000000000000000e+00
-4.921132344046734719e-01,2.978893905143177312e-01,1.000000000000000000e+00
-5.746647678579587526e-02,-6.526132636405307386e-02,1.000000000000000000e+00
7.853326357730019414e-01,1.024624776702337314e+00,1.000000000000000000e+00
-3.167288794939757679e-01,8.883710195328394787e-01,1.000000000000000000e+00
-2.980424958971769067e-01,9.580557496342747559e-01,1.000000000000000000e+00
1.254071325137606080e-02,1.070160636850776115e+00,1.000000000000000000e+00
-5.582806334718820596e-01,4.261523286179607073e-01,1.000000000000000000e+00
1.293438108386983920e+00,9.732942767807963858e-01,1.000000000000000000e+00
-1.721270428577630768e-02,-2.867539942221646043e-02,1.000000000000000000e+00
-2.293606763729571785e-01,-4.693517290420986393e-02,1.000000000000000000e+00
1.903909003292425517e+00,-4.649796881189707243e-01,1.000000000000000000e+00
1.929739457162786609e+00,-2.547985623428504209e-01,1.000000000000000000e+00
-6.104400961165489248e-01,4.569823792900156723e-01,1.000000000000000000e+00
1.684096216919688027e+00,5.312008217051963355e-01,1.000000000000000000e+00
-2.730172854893797019e-01,9.376496742666272644e-01,1.000000000000000000e+00
3.376661000349079345e-01,1.162661500060154340e+00,1.000000000000000000e+00
-2.692136483562538318e-01,9.873676348335759245e-01,1.000000000000000000e+00
-3.468971214806417236e-01,-2.540420980724864691e-02,1.000000000000000000e+00
-1.657485401567885541e-01,1.158774429939280814e+00,1.000000000000000000e+00
-3.095752036045462674e-01,-5.476108844604458264e-02,1.000000000000000000e+00
-2.004023993669611092e-01,9.899527453242142894e-01,1.000000000000000000e+00
-1.302340691335291400e-01,-5.263468583333808654e-02,1.000000000000000000e+00
1.934230109550468368e+00,1.468854256169201677e-01,1.000000000000000000e+00
-1.406404685712005220e-01,-6.236102671803602643e-02,1.000000000000000000e+00
2.859113629030839432e-01,1.052145888390428663e+00,1.000000000000000000e+00
2.140450362709254983e-01,1.313781460711078708e+00,1.000000000000000000e+00
-1.324164642774727264e-02,-1.904656194447021649e-03,1.000000000000000000e+00
-5.938003200250157043e-01,6.168126596921990057e-01,1.000000000000000000e+00
-2.566580884306182142e-01,1.087171856514955293e+00,1.000000000000000000e+00
-7.573978949360070378e-02,-5.507232643492018104e-02,1.000000000000000000e+00
1.374533229888558195e+00,7.898003870069579824e-01,1.000000000000000000e+00
1.773569326259220258e+00,3.408230141296886284e-01,1.000000000000000000e+00
-4.538465757192232108e-01,3.018860442202603994e-02,1.000000000000000000e+00
-2.800319478933787076e-01,-2.252553711777446205e-02,1.000000000000000000e+00
1.916145040548497880e+00,1.173065659705257169e-01,1.000000000000000000e+00
-1.516039076626900794e-01,-8.521738011270939273e-02,1.000000000000000000e+00
-1.933632359040035054e-01,1.127350066456515254e+00,1.000000000000000000e+00
-4.055852655971280418e-01,-8.654316823932661773e-02,1.000000000000000000e+00
-3.999110411033914708e-02,1.056099290884735753e+00,1.000000000000000000e+00
-8.612499213325160163e-02,-5.147316988224504702e-02,1.000000000000000000e+00
-1.225065112545257850e+00,-4.072084869780582261e-01,2.000000000000000000e+00
1.458579689902010645e-01,-7.280071801482189686e-01,2.000000000000000000e+00
1.723186503028232286e-01,-4.353655981414324416e-01,2.000000000000000000e+00
-1.437809830014542767e+00,1.001992239891870806e+00,2.000000000000000000e+00
2.190092313451076911e-01,-5.391557164967744065e-01,2.000000000000000000e+00
5.942627320925831375e-02,-9.624894182434800063e-03,2.000000000000000000e+00
2.482650534953975696e-01,-4.512661498168020202e-01,2.000000000000000000e+00
-6.129461960478028715e-01,-8.111851920087380652e-01,2.000000000000000000e+00
1.414744931938164696e-01,-4.049946334547396831e-02,2.000000000000000000e+00
-1.397796517321039822e+00,-2.388715740440510160e-01,2.000000000000000000e+00
-5.598183949291359734e-02,-7.068166076340220982e-01,2.000000000000000000e+00
-7.842499316522325570e-01,-7.765688795674472455e-01,2.000000000000000000e+00
3.494415716696513408e-01,-3.874303914458531728e-01,2.000000000000000000e+00
-1.481594926327589601e+00,-3.616026797380312297e-01,2.000000000000000000e+00
-1.125265573397666419e+00,-5.307349037622840493e-01,2.000000000000000000e+00
1.775094468072425935e-01,-5.048174529794058341e-01,2.000000000000000000e+00
-1.656779792622321335e+00,6.301616765839326284e-01,2.000000000000000000e+00
2.455764607030624380e-01,-2.068291497405317647e-01,2.000000000000000000e+00
-7.101343241926294514e-01,-7.462010055164021161e-01,2.000000000000000000e+00
-1.497645182793637009e+00,6.816741351857108500e-01,2.000000000000000000e+00
-1.925535035038862530e-01,-7.998926980038773005e-01,2.000000000000000000e+00
-2.306958336379353602e-01,-7.338224640016540734e-01,2.000000000000000000e+00
-3.793495040483398917e-01,-8.194638944336024577e-01,2.000000000000000000e+00
1.656785065449134786e-01,-6.480531774556319569e-01,2.000000000000000000e+00
-8.390508381950257943e-01,1.651974626662932932e+00,2.000000000000000000e+00
-1.667954522519460969e+00,7.913354121202437197e-01,2.000000000000000000e+00
-1.557812954989113097e+00,5.503611870485475288e-01,2.000000000000000000e+00
2.041577587632202040e-01,-4.509191220523601218e-01,2.000000000000000000e+00
3.763771440233409371e-01,-4.261488575409042578e-01,2.000000000000000000e+00
2.366182334383514496e-01,-3.241663699512637442e-01,2.000000000000000000e+00
-2.044411464130647116e-01,-8.107411073743475693e-01,2.000000000000000000e+00
-1.228419642035318837e+00,1.518514597353290529e+00,2.000000000000000000e+00
-2.982495968361763561e-01,-7.379985640278471370e-01,2.000000000000000000e+00
1.544854958364862141e-01,-9.354847083857283085e-02,2.000000000000000000e+00
-1.503864609775109162e+00,4.799525107879195063e-01,2.000000000000000000e+00
-5.372137153950422295e-02,-8.947097155980489047e-01,2.000000000000000000e+00
2.232363875418346411e-01,-1.068532945266309070e-01,2.000000000000000000e+00
-7.354077314954997613e-01,-7.590260002607608358e-01,2.000000000000000000e+00
-9.115370184224097505e-01,-6.909470148892461472e-01,2.000000000000000000e+00
-1.107339931912428632e+00,-5.817123647412421050e-01,2.000000000000000000e+00
2.073832662886504752e-01,-5.149965002810872328e-01,2.000000000000000000e+00
-1.599546012949907281e-01,-9.023200200108244529e-01,2.000000000000000000e+00
-1.390021814101465081e+00,6.899602025408797523e-01,2.000000000000000000e+00
-8.817157067110842350e-01,-6.858523401534818431e-01,2.000000000000000000e+00
-1.730613313314443014e+00,3.511864755401116200e-01,2.000000000000000000e+00
-8.139959825522634640e-01,-6.528839263576241558e-01,2.000000000000000000e+00
1.537155368522503951e-01,-6.096834159697896993e-01,2.000000000000000000e+00
1.963972967350509358e-02,-4.118382917943393465e-03,2.000000000000000000e+00
-1.242131028636694667e+00,-4.194376837980354211e-01,2.000000000000000000e+00
1.760239268793016010e-01,-6.398034520028555994e-02,2.000000000000000000e+00
-2.545774824225919830e-01,-8.104552512687220878e-01,2.000000000000000000e+00
9.594841306936559289e-02,-5.536199677423919718e-01,2.000000000000000000e+00
-4.944068235215984264e-02,-7.005988094657520371e-01,2.000000000000000000e+00
1.197765674662824853e-01,-7.801566305380045474e-01,2.000000000000000000e+00
1.658937502246970175e-01,-6.341794930138976438e-01,2.000000000000000000e+00
-1.353871477581496618e+00,1.703661273622866235e-01,2.000000000000000000e+00
8.535471682038849039e-02,-1.515266280505929430e-01,2.000000000000000000e+00
-1.094855985603246706e+00,1.461466367580031234e+00,2.000000000000000000e+00
-1.132127523337057573e-01,-7.067083207596852601e-01,2.000000000000000000e+00
2.359510594358814328e-01,-4.121561270974039015e-01,2.000000000000000000e+00
6.063546957574721813e-02,-4.167912568970570664e-02,2.000000000000000000e+00
3.019029696484366587e-01,-4.336944166936628764e-01,2.000000000000000000e+00
1.318967320411696675e-01,-4.831743984019576388e-02,2.000000000000000000e+00
-1.205995638676683468e+00,-4.216820716970219873e-01,2.000000000000000000e+00
-1.521710923469147492e+00,1.752800264869115165e-01,2.000000000000000000e+00
-1.438409923784710331e+00,1.146563538029488072e+00,2.000000000000000000e+00
-1.617365851829761114e+00,2.188630558219394340e-01,2.000000000000000000e+00
-1.354654579779934309e+00,-5.396671683495428695e-01,2.000000000000000000e+00
-1.563287578307914538e+00,1.148456961517694941e+00,2.000000000000000000e+00
1.066899928970019562e-01,-5.580078456344128579e-02,2.000000000000000000e+00
-8.883668312463716132e-01,1.679146682689400816e+00,2.000000000000000000e+00
-3.011706952565408324e-01,-7.728212748574310176e-01,2.000000000000000000e+00
9.531622239243332795e-02,-3.133399490194795772e-02,2.000000000000000000e+00
1.718975648423780311e-01,-4.570367213456003053e-01,2.000000000000000000e+00
-1.271206108399993484e+00,1.402638725781921281e+00,2.000000000000000000e+00
1.261358806106915587e-01,-4.924640630223657278e-01,2.000000000000000000e+00
1.797975292341520148e-01,-1.796681021154758751e-01,2.000000000000000000e+00
-1.141827094510152962e+00,-7.831926005498975885e-01,2.000000000000000000e+00
1.161597942863546035e-01,-2.704216285991677404e-01,2.000000000000000000e+00
1.535585984727189379e-01,-1.677550993780750066e-01,2.000000000000000000e+00
-1.246666293780493096e+00,1.468646513075776205e+00,2.000000000000000000e+00
-5.098435275747280615e-01,-8.563771363929933989e-01,2.000000000000000000e+00
1.134162421074438459e-01,-6.320452016759260383e-01,2.000000000000000000e+00
1.507899557381900679e-01,-5.759041446661183894e-01,2.000000000000000000e+00
-8.919503394716158384e-01,-6.835417021154865935e-01,2.000000000000000000e+00
-1.193921757806519990e+00,1.587834405555537565e+00,2.000000000000000000e+00
2.628088997391848647e-01,-5.019012206088035999e-02,2.000000000000000000e+00
-1.730702892740280385e-01,-8.658148013151972799e-01,2.000000000000000000e+00
1.856884851281615512e-01,-2.536836021216198334e-01,2.000000000000000000e+00
-7.710506489081140336e-01,-7.989979690660327094e-01,2.000000000000000000e+00
-6.690381875502752207e-01,-9.359711541646600352e-01,2.000000000000000000e+00
1.089809480656752788e-01,-1.919568705701191480e-01,2.000000000000000000e+00
-9.234442792228391150e-01,-7.193618152333517424e-01,2.000000000000000000e+00
-1.307927912231106715e+00,1.105238112480872337e+00,2.000000000000000000e+00
5.256496134778723683e-02,-6.332736691719649258e-01,2.000000000000000000e+00
2.141398860356302503e-01,-2.569040312917855173e-01,2.000000000000000000e+00
-7.360992114007992859e-02,-5.705217822020224316e-01,2.000000000000000000e+00
-1.274736995492511848e+00,-5.231890816213942141e-01,2.000000000000000000e+00
-1.333876940154038460e+00,-5.723976957462507675e-01,2.000000000000000000e+00
2.610042056727180856e-02,-5.885890549237628860e-03,2.000000000000000000e+00
2.284712836877595410e-01,-2.968375012593539863e-01,2.000000000000000000e+00
-3.376860579224058578e-01,-9.519115956494118569e-01,2.000000000000000000e+00
2.013868563998921779e-01,-3.237450162573248247e-01,2.000000000000000000e+00
-1.062163344210179439e+00,1.534466964419147095e+00,2.000000000000000000e+00
-1.532073440208804982e+00,9.047276480767100226e-01,2.000000000000000000e+00
-1.468755372983519436e+00,1.215296338916644903e+00,2.000000000000000000e+00
-9.908503896383522580e-01,-7.743286390590201629e-01,2.000000000000000000e+00
-1.460525520528692445e+00,9.806326682873082179e-01,2.000000000000000000e+00
-1.700963372927935535e-01,-6.745362726418198118e-01,2.000000000000000000e+00
9.019684703673275239e-02,-2.517946854327131681e-02,2.000000000000000000e+00
6.121015068087364008e-02,-7.332354917395843552e-01,2.000000000000000000e+00
-1.571767482297704133e+00,5.709082971236466575e-01,2.000000000000000000e+00
3.217932071659347915e-01,-3.022354721460227545e-01,2.000000000000000000e+00
2.073631091035229024e-01,-1.086727716805315075e-01,2.000000000000000000e+00
1.878396313964020847e-01,-7.597319549599456101e-01,2.000000000000000000e+00
2.444667223939465395e-01,-4.149454613778632006e-01,2.000000000000000000e+00
-1.450380360501864807e+00,-3.760091539467566579e-01,2.000000000000000000e+00
-1.473622482016854640e+00,1.830649785068586555e-01,2.000000000000000000e+00
-1.276025411500723017e+00,-4.235444915614782202e-01,2.000000000000000000e+00
-8.344817735166718542e-01,-8.017046441459146910e-01,2.000000000000000000e+00
-1.390118999406054767e+00,-2.017460261700686763e-01,2.000000000000000000e+00
8.422693473302277772e-03,-5.885684992642339353e-01,2.000000000000000000e+00
-1.127908366975511445e+00,-5.856766826660468883e-01,2.000000000000000000e+00
-1.720896518454255064e+00,7.559142171858604931e-01,2.000000000000000000e+00
-2.048186880950402244e-01,-9.000668369205624408e-01,2.000000000000000000e+00
-1.572558856489720547e-01,-8.007583408219605126e-01,2.000000000000000000e+00
-2.473181967530938274e-01,-1.048139791804635790e+00,2.000000000000000000e+00
3.817059869882743345e-02,-8.017674853761757037e-01,2.000000000000000000e+00
-1.558526489634162626e+00,-2.458105909882325659e-03,2.000000000000000000e+00
-1.348234528053981363e+00,1.109120835514681325e+00,2.000000000000000000e+00
-2.844204862745715046e-01,-8.640933118034145322e-01,2.000000000000000000e+00
1.907010124663591766e-01,-1.780057692913808443e-01,2.000000000000000000e+00
2.450933149193029459e-01,-3.007359718754619160e-01,2.000000000000000000e+00
-6.125023229684957160e-01,-7.083703759384155640e-01,2.000000000000000000e+00
-1.259256876527445890e+00,9.630152492575357881e-01,2.000000000000000000e+00
-1.394218841004590370e+00,1.339055457344144662e+00,2.000000000000000000e+00
2.390997333828853710e-01,-3.550992633065113147e-01,2.000000000000000000e+00
-1.387622298385369435e+00,1.176738465032877157e+00,2.000000000000000000e+00
-1.133591632475624333e+00,1.380072013388249808e+00,2.000000000000000000e+00
1.473178588041527404e-01,-5.213935287842403898e-01,2.000000000000000000e+00
-1.547999975279437779e+00,4.252628097785082772e-01,2.000000000000000000e+00
4.254328388063870897e-02,-7.613541061326172255e-01,2.000000000000000000e+00
-9.818772814519922676e-01,-7.531399511488705567e-01,2.000000000000000000e+00
-1.260737685501640115e+00,1.188231434013677257e+00,2.000000000000000000e+00
2.167153889879409046e-01,-2.634558357170627696e-01,2.000000000000000000e+00
2.562040957782746875e-01,-2.352497567988593719e-01,2.000000000000000000e+00
2.857214589183584841e-01,-2.722332574928514326e-01,2.000000000000000000e+00
-1.378961719249981677e+00,-2.298910057978342802e-01,2.000000000000000000e+00
-1.407974352433781551e+00,9.627936709534060666e-01,2.000000000000000000e+00
-2.911199189164829781e-01,-8.830140407231777955e-01,2.000000000000000000e+00
-1.522597169251379112e+00,1.113453576038530457e+00,2.000000000000000000e+00
-1.369645772938973716e+00,-2.445367967201960147e-01,2.000000000000000000e+00
-6.713281252271947608e-01,1.734121380266039569e+00,2.000000000000000000e+00
1.653525906357485309e-01,-1.750555607202417263e-01,2.000000000000000000e+00
2.002891231420884099e-01,-1.970014183054973333e-01,2.000000000000000000e+00
-1.163037048022487641e+00,1.265908486894905316e+00,2.000000000000000000e+00
-1.327433503750565569e+00,-5.704504549964323212e-01,2.000000000000000000e+00
9.497553014751193567e-02,-4.933213207166471659e-02,2.000000000000000000e+00
-1.244771769636456415e+00,1.317747042995513596e+00,2.000000000000000000e+00
-4.737118225008355443e-01,-8.309819171630923318e-01,2.000000000000000000e+00
-1.153187677778495734e+00,-5.652748920314660808e-01,2.000000000000000000e+00
-6.574002784041320657e-01,-8.017212244253782982e-01,2.000000000000000000e+00
-1.457238269107049122e+00,-2.484186497379048397e-01,2.000000000000000000e+00
-9.764567257420518898e-01,-7.381766483567939741e-01,2.000000000000000000e+00
8.564760868045977193e-02,-6.431517070082626297e-01,2.000000000000000000e+00
1.856304243636746898e-01,-1.065710461462705816e-01,2.000000000000000000e+00
-1.489279371058849666e+00,4.117487434789997569e-01,2.000000000000000000e+00
-1.266831377251142143e+00,-4.086260707203241971e-01,2.000000000000000000e+00
-7.632468131917936605e-01,-8.429144176361619278e-01,2.000000000000000000e+00
-3.410121846921065902e-01,-9.008249258296660011e-01,2.000000000000000000e+00
2.787634859118153230e-01,-3.070505602676641410e-01,2.000000000000000000e+00
1.302638702669003390e-01,-2.413358878684635778e-01,2.000000000000000000e+00
1.404750202691462668e-01,-9.072299433833627691e-02,2.000000000000000000e+00
-1.241521449739044547e+00,-4.416170837519624581e-01,2.000000000000000000e+00
1.118059222902344912e-01,-6.042665264558966937e-02,2.000000000000000000e+00
-3.269708037996146843e-01,-8.129646256050309105e-01,2.000000000000000000e+00
1.464129181950226677e-01,-4.724295120832353728e-02,2.000000000000000000e+00
6.107610361191558729e-03,-2.727512513260918221e-03,2.000000000000000000e+00
8.586396591569324388e-02,-1.374103453880136036e-02,2.000000000000000000e+00
-1.260783524974453895e+00,1.447686965469881404e+00,2.000000000000000000e+00
-1.596423897806030556e+00,3.702472475014714215e-01,2.000000000000000000e+00
-4.451035377591184283e-01,-7.156888050297803838e-01,2.000000000000000000e+00
-3.624363155012604865e-01,-7.830679071668162905e-01,2.000000000000000000e+00
-1.238110274626052387e+00,1.536481504006966370e+00,2.000000000000000000e+00
-1.294850634361888853e+00,-3.362305578881683021e-01,2.000000000000000000e+00
-9.068014212657623530e-01,-7.920602228468395234e-01,2.000000000000000000e+00
-1.117421741948284586e+00,1.552773003480453440e+00,2.000000000000000000e+00
-7.351005740262807064e-01,-8.142567978156375341e-01,2.000000000000000000e+00
-1.593883138323798132e+00,8.204281718405258550e-01,2.000000000000000000e+00
-9.123294690165388854e-01,-8.060375474292136300e-01,2.000000000000000000e+00
5.339503233862760712e-02,-3.531737099670910485e-03,2.000000000000000000e+00
-1.528893917496476108e-02,-6.620308400234887758e-01,2.000000000000000000e+00
-1.400971307854962170e-02,-6.821303956940627522e-01,2.000000000000000000e+00
-1.022575683310470440e+00,-5.833303114600816297e-01,2.000000000000000000e+00
-3.989545736569778955e-01,1.925662104229344029e+00,2.000000000000000000e+00
-1.302732729904978903e+00,-4.279948611707949380e-01,2.000000000000000000e+00
-5.482152411391947311e-01,-8.001033749586766719e-01,2.000000000000000000e+00
-1.213293150734059855e+00,-3.551857071529669896e-01,2.000000000000000000e+00
-1.419786826924814171e+00,-1.188088635851026059e-01,2.000000000000000000e+00
4.681910519270943843e-02,-5.836110231540432916e-04,2.000000000000000000e+00
